PassengerIdaaa,Transported
0013_01,FALSE
0018_01,FALSE
0019_01,FALSE
0021_01,FALSE
0023_01,FALSE
0027_01,FALSE
0029_01,FALSE
0032_01,FALSE
0032_02,FALSE
0033_01,FALSE
0037_01,FALSE
0040_01,FALSE
0040_02,FALSE
0042_01,FALSE
0046_01,FALSE
0046_02,FALSE
0046_03,FALSE
0047_01,FALSE
0047_02,FALSE
0047_03,FALSE
0048_01,FALSE
0049_01,FALSE
0054_01,FALSE
0054_02,FALSE
0054_03,FALSE
0055_01,FALSE
0057_01,FALSE
0059_01,FALSE
0060_01,FALSE
0063_01,FALSE
0065_01,FALSE
0075_01,FALSE
0079_01,FALSE
0080_01,FALSE
0083_01,FALSE
0087_01,FALSE
0089_01,FALSE
0093_01,FALSE
0094_01,FALSE
0094_02,FALSE
0095_01,FALSE
0096_01,FALSE
0100_01,FALSE
0100_02,FALSE
0104_01,FALSE
0106_01,FALSE
0109_01,FALSE
0117_01,FALSE
0118_01,FALSE
0121_01,FALSE
0124_01,FALSE
0125_01,FALSE
0125_02,FALSE
0130_01,FALSE
0131_01,FALSE
0132_01,FALSE
0135_01,FALSE
0137_01,FALSE
0142_01,FALSE
0142_02,FALSE
0142_03,FALSE
0143_01,FALSE
0145_01,FALSE
0150_01,FALSE
0150_02,FALSE
0153_01,FALSE
0154_01,FALSE
0155_01,FALSE
0156_01,FALSE
0157_01,FALSE
0158_01,FALSE
0158_02,FALSE
0159_01,FALSE
0161_01,FALSE
0162_01,FALSE
0166_01,FALSE
0168_01,FALSE
0175_01,FALSE
0175_02,FALSE
0175_03,FALSE
0175_04,FALSE
0175_05,FALSE
0176_01,FALSE
0180_01,FALSE
0184_01,FALSE
0185_01,FALSE
0187_01,FALSE
0191_01,FALSE
0194_01,FALSE
0194_02,FALSE
0194_03,FALSE
0204_01,FALSE
0208_01,FALSE
0209_01,FALSE
0214_01,FALSE
0214_02,FALSE
0215_01,FALSE
0218_01,FALSE
0226_01,FALSE
0227_01,FALSE
0228_01,FALSE
0228_02,FALSE
0228_03,FALSE
0228_04,FALSE
0230_01,FALSE
0230_02,FALSE
0235_01,FALSE
0236_01,FALSE
0238_01,FALSE
0247_01,FALSE
0247_02,FALSE
0249_01,FALSE
0256_01,FALSE
0259_01,FALSE
0262_01,FALSE
0264_01,FALSE
0264_02,FALSE
0264_03,FALSE
0266_01,FALSE
0266_02,FALSE
0268_01,FALSE
0268_02,FALSE
0271_01,FALSE
0272_01,FALSE
0273_01,FALSE
0273_02,FALSE
0273_03,FALSE
0274_01,FALSE
0274_02,FALSE
0276_01,FALSE
0276_02,FALSE
0279_01,FALSE
0280_01,FALSE
0284_01,FALSE
0292_01,FALSE
0293_01,FALSE
0295_01,FALSE
0296_01,FALSE
0299_01,FALSE
0300_01,FALSE
0308_01,FALSE
0311_01,FALSE
0312_01,FALSE
0317_01,FALSE
0318_01,FALSE
0319_01,FALSE
0319_02,FALSE
0323_01,FALSE
0325_01,FALSE
0328_01,FALSE
0329_01,FALSE
0332_01,FALSE
0335_01,FALSE
0339_01,FALSE
0339_02,FALSE
0339_03,FALSE
0339_04,FALSE
0339_05,FALSE
0339_06,FALSE
0339_07,FALSE
0339_08,FALSE
0342_01,FALSE
0342_02,FALSE
0344_01,FALSE
0344_02,FALSE
0349_01,FALSE
0349_02,FALSE
0349_03,FALSE
0349_04,FALSE
0349_05,FALSE
0349_06,FALSE
0351_01,FALSE
0353_01,FALSE
0353_02,FALSE
0354_01,FALSE
0362_01,FALSE
0363_01,FALSE
0363_02,FALSE
0363_03,FALSE
0364_01,FALSE
0364_02,FALSE
0366_01,FALSE
0367_01,FALSE
0374_01,FALSE
0374_02,FALSE
0386_01,FALSE
0390_01,FALSE
0393_01,FALSE
0394_01,FALSE
0399_01,FALSE
0400_01,FALSE
0404_01,FALSE
0406_01,FALSE
0414_01,FALSE
0416_01,FALSE
0418_01,FALSE
0419_01,FALSE
0419_02,FALSE
0419_03,FALSE
0420_01,FALSE
0421_01,FALSE
0422_01,FALSE
0424_01,FALSE
0426_01,FALSE
0440_01,FALSE
0443_01,FALSE
0450_01,FALSE
0451_01,FALSE
0455_01,FALSE
0464_01,FALSE
0467_01,FALSE
0467_02,FALSE
0467_03,FALSE
0467_04,FALSE
0469_01,FALSE
0473_01,FALSE
0478_01,FALSE
0478_02,FALSE
0479_01,FALSE
0483_01,FALSE
0483_02,FALSE
0484_01,FALSE
0486_01,FALSE
0489_01,FALSE
0489_02,FALSE
0491_01,FALSE
0492_01,FALSE
0493_01,FALSE
0494_01,FALSE
0494_02,FALSE
0495_01,FALSE
0495_02,FALSE
0495_03,FALSE
0495_04,FALSE
0495_05,FALSE
0495_06,FALSE
0496_01,FALSE
0496_02,FALSE
0497_01,FALSE
0505_01,FALSE
0508_01,FALSE
0509_01,FALSE
0511_01,FALSE
0514_01,FALSE
0524_01,FALSE
0526_01,FALSE
0530_01,FALSE
0530_02,FALSE
0530_03,FALSE
0532_01,FALSE
0532_02,FALSE
0535_01,FALSE
0536_01,FALSE
0536_02,FALSE
0541_01,FALSE
0543_01,FALSE
0544_01,FALSE
0554_01,FALSE
0557_01,FALSE
0557_02,FALSE
0558_01,FALSE
0562_01,FALSE
0562_02,FALSE
0574_01,FALSE
0578_01,FALSE
0578_02,FALSE
0584_01,FALSE
0584_02,FALSE
0592_01,FALSE
0595_01,FALSE
0601_01,FALSE
0604_01,FALSE
0605_01,FALSE
0606_01,FALSE
0613_01,FALSE
0613_02,FALSE
0616_01,FALSE
0617_01,FALSE
0620_01,FALSE
0620_02,FALSE
0620_03,FALSE
0621_01,FALSE
0622_01,FALSE
0624_01,FALSE
0625_01,FALSE
0625_02,FALSE
0625_03,FALSE
0626_01,FALSE
0626_02,FALSE
0626_03,FALSE
0627_01,FALSE
0632_01,FALSE
0632_02,FALSE
0632_03,FALSE
0640_01,FALSE
0640_02,FALSE
0648_01,FALSE
0648_02,FALSE
0649_01,FALSE
0651_01,FALSE
0652_01,FALSE
0652_02,FALSE
0652_03,FALSE
0652_04,FALSE
0652_05,FALSE
0654_01,FALSE
0662_01,FALSE
0666_01,FALSE
0666_02,FALSE
0667_01,FALSE
0670_01,FALSE
0670_02,FALSE
0673_01,FALSE
0675_01,FALSE
0676_01,FALSE
0681_01,FALSE
0692_01,FALSE
0694_01,FALSE
0695_01,FALSE
0698_01,FALSE
0700_01,FALSE
0706_01,FALSE
0708_01,FALSE
0708_02,FALSE
0711_01,FALSE
0716_01,FALSE
0717_01,FALSE
0717_02,FALSE
0717_03,FALSE
0717_04,FALSE
0717_05,FALSE
0717_06,FALSE
0717_07,FALSE
0720_01,FALSE
0720_02,FALSE
0720_03,FALSE
0721_01,FALSE
0722_01,FALSE
0723_01,FALSE
0725_01,FALSE
0730_01,FALSE
0731_01,FALSE
0731_02,FALSE
0735_01,FALSE
0739_01,FALSE
0741_01,FALSE
0742_01,FALSE
0742_02,FALSE
0744_01,FALSE
0745_01,FALSE
0747_01,FALSE
0748_01,FALSE
0748_02,FALSE
0749_01,FALSE
0751_01,FALSE
0752_01,FALSE
0755_01,FALSE
0758_01,FALSE
0758_02,FALSE
0758_03,FALSE
0759_01,FALSE
0759_02,FALSE
0759_03,FALSE
0760_01,FALSE
0763_01,FALSE
0763_02,FALSE
0766_01,FALSE
0774_01,FALSE
0774_02,FALSE
0774_03,FALSE
0775_01,FALSE
0775_02,FALSE
0775_03,FALSE
0775_04,FALSE
0775_05,FALSE
0775_06,FALSE
0778_01,FALSE
0778_02,FALSE
0780_01,FALSE
0783_01,FALSE
0792_01,FALSE
0800_01,FALSE
0801_01,FALSE
0803_01,FALSE
0804_01,FALSE
0807_01,FALSE
0810_01,FALSE
0812_01,FALSE
0814_01,FALSE
0821_01,FALSE
0827_01,FALSE
0827_02,FALSE
0827_03,FALSE
0831_01,FALSE
0832_01,FALSE
0837_01,FALSE
0837_02,FALSE
0838_01,FALSE
0838_02,FALSE
0841_01,FALSE
0842_01,FALSE
0843_01,FALSE
0844_01,FALSE
0847_01,FALSE
0852_01,FALSE
0854_01,FALSE
0855_01,FALSE
0856_01,FALSE
0857_01,FALSE
0858_01,FALSE
0858_02,FALSE
0861_01,FALSE
0862_01,FALSE
0864_01,FALSE
0864_02,FALSE
0864_03,FALSE
0866_01,FALSE
0872_01,FALSE
0880_01,FALSE
0880_02,FALSE
0882_01,FALSE
0884_01,FALSE
0884_02,FALSE
0886_01,FALSE
0886_02,FALSE
0886_03,FALSE
0887_01,FALSE
0887_02,FALSE
0888_01,FALSE
0888_02,FALSE
0891_01,FALSE
0892_01,FALSE
0892_02,FALSE
0892_03,FALSE
0894_01,FALSE
0895_01,FALSE
0896_01,FALSE
0897_01,FALSE
0897_02,FALSE
0900_01,FALSE
0908_01,FALSE
0909_01,FALSE
0909_02,FALSE
0909_03,FALSE
0914_01,FALSE
0916_01,FALSE
0917_01,FALSE
0920_01,FALSE
0929_01,FALSE
0934_01,FALSE
0936_01,FALSE
0937_01,FALSE
0943_01,FALSE
0943_02,FALSE
0943_03,FALSE
0945_01,FALSE
0945_02,FALSE
0948_01,FALSE
0950_01,FALSE
0954_01,FALSE
0958_01,FALSE
0959_01,FALSE
0962_01,FALSE
0963_01,FALSE
0967_01,FALSE
0973_01,FALSE
0974_01,FALSE
0977_01,FALSE
0980_01,FALSE
0981_01,FALSE
0981_02,FALSE
0986_01,FALSE
0986_02,FALSE
0996_01,FALSE
0999_01,FALSE
0999_02,FALSE
1003_01,FALSE
1007_01,FALSE
1009_01,FALSE
1010_01,FALSE
1016_01,FALSE
1021_01,FALSE
1023_01,FALSE
1028_01,FALSE
1037_01,FALSE
1039_01,FALSE
1042_01,FALSE
1044_01,FALSE
1050_01,FALSE
1055_01,FALSE
1059_01,FALSE
1059_02,FALSE
1061_01,FALSE
1064_01,FALSE
1064_02,FALSE
1067_01,FALSE
1069_01,FALSE
1070_01,FALSE
1072_01,FALSE
1072_02,FALSE
1072_03,FALSE
1072_04,FALSE
1072_05,FALSE
1072_06,FALSE
1072_07,FALSE
1072_08,FALSE
1073_01,FALSE
1074_01,FALSE
1074_02,FALSE
1081_01,FALSE
1087_01,FALSE
1090_01,FALSE
1090_02,FALSE
1092_01,FALSE
1098_01,FALSE
1101_01,FALSE
1103_01,FALSE
1104_01,FALSE
1106_01,FALSE
1106_02,FALSE
1107_01,FALSE
1109_01,FALSE
1111_01,FALSE
1111_02,FALSE
1111_03,FALSE
1118_01,FALSE
1118_02,FALSE
1118_03,FALSE
1118_04,FALSE
1118_05,FALSE
1119_01,FALSE
1119_02,FALSE
1120_01,FALSE
1122_01,FALSE
1124_01,FALSE
1124_02,FALSE
1124_03,FALSE
1125_01,FALSE
1125_02,FALSE
1126_01,FALSE
1128_01,FALSE
1128_02,FALSE
1131_01,FALSE
1135_01,FALSE
1135_02,FALSE
1135_03,FALSE
1135_04,FALSE
1137_01,FALSE
1137_02,FALSE
1138_01,FALSE
1139_01,FALSE
1143_01,FALSE
1145_01,FALSE
1145_02,FALSE
1145_03,FALSE
1145_04,FALSE
1151_01,FALSE
1157_01,FALSE
1158_01,FALSE
1158_02,FALSE
1159_01,FALSE
1159_02,FALSE
1159_03,FALSE
1160_01,FALSE
1164_01,FALSE
1171_01,FALSE
1172_01,FALSE
1176_01,FALSE
1181_01,FALSE
1183_01,FALSE
1183_02,FALSE
1183_03,FALSE
1184_01,FALSE
1184_02,FALSE
1189_01,FALSE
1194_01,FALSE
1196_01,FALSE
1196_02,FALSE
1200_01,FALSE
1201_01,FALSE
1201_02,FALSE
1202_01,FALSE
1204_01,FALSE
1205_01,FALSE
1207_01,FALSE
1207_02,FALSE
1207_03,FALSE
1207_04,FALSE
1209_01,FALSE
1209_02,FALSE
1217_01,FALSE
1217_02,FALSE
1219_01,FALSE
1219_02,FALSE
1224_01,FALSE
1224_02,FALSE
1226_01,FALSE
1226_02,FALSE
1227_01,FALSE
1237_01,FALSE
1241_01,FALSE
1244_01,FALSE
1245_01,FALSE
1247_01,FALSE
1249_01,FALSE
1251_01,FALSE
1252_01,FALSE
1253_01,FALSE
1257_01,FALSE
1257_02,FALSE
1257_03,FALSE
1257_04,FALSE
1262_01,FALSE
1262_02,FALSE
1265_01,FALSE
1266_01,FALSE
1268_01,FALSE
1270_01,FALSE
1272_01,FALSE
1275_01,FALSE
1276_01,FALSE
1277_01,FALSE
1290_01,FALSE
1296_01,FALSE
1297_01,FALSE
1298_01,FALSE
1301_01,FALSE
1301_02,FALSE
1301_03,FALSE
1303_01,FALSE
1305_01,FALSE
1313_01,FALSE
1314_01,FALSE
1315_01,FALSE
1318_01,FALSE
1319_01,FALSE
1319_02,FALSE
1320_01,FALSE
1320_02,FALSE
1320_03,FALSE
1321_01,FALSE
1321_02,FALSE
1321_03,FALSE
1321_04,FALSE
1327_01,FALSE
1329_01,FALSE
1334_01,FALSE
1338_01,FALSE
1338_02,FALSE
1339_01,FALSE
1341_01,FALSE
1341_02,FALSE
1341_03,FALSE
1343_01,FALSE
1343_02,FALSE
1343_03,FALSE
1344_01,FALSE
1346_01,FALSE
1349_01,FALSE
1349_02,FALSE
1354_01,FALSE
1354_02,FALSE
1354_03,FALSE
1354_04,FALSE
1354_05,FALSE
1354_06,FALSE
1354_07,FALSE
1358_01,FALSE
1358_02,FALSE
1359_01,FALSE
1361_01,FALSE
1361_02,FALSE
1363_01,FALSE
1364_01,FALSE
1364_02,FALSE
1367_01,FALSE
1369_01,FALSE
1369_02,FALSE
1369_03,FALSE
1372_01,FALSE
1373_01,FALSE
1374_01,FALSE
1388_01,FALSE
1392_01,FALSE
1394_01,FALSE
1396_01,FALSE
1405_01,FALSE
1409_01,FALSE
1409_02,FALSE
1411_01,FALSE
1418_01,FALSE
1422_01,FALSE
1422_02,FALSE
1422_03,FALSE
1429_01,FALSE
1432_01,FALSE
1432_02,FALSE
1436_01,FALSE
1437_01,FALSE
1441_01,FALSE
1446_01,FALSE
1448_01,FALSE
1449_01,FALSE
1456_01,FALSE
1459_01,FALSE
1464_01,FALSE
1466_01,FALSE
1468_01,FALSE
1469_01,FALSE
1469_02,FALSE
1470_01,FALSE
1471_01,FALSE
1471_02,FALSE
1471_03,FALSE
1471_04,FALSE
1471_05,FALSE
1472_01,FALSE
1473_01,FALSE
1473_02,FALSE
1475_01,FALSE
1476_01,FALSE
1477_01,FALSE
1477_02,FALSE
1480_01,FALSE
1482_01,FALSE
1483_01,FALSE
1486_01,FALSE
1487_01,FALSE
1487_02,FALSE
1492_01,FALSE
1492_02,FALSE
1494_01,FALSE
1495_01,FALSE
1495_02,FALSE
1496_01,FALSE
1497_01,FALSE
1497_02,FALSE
1502_01,FALSE
1502_02,FALSE
1502_03,FALSE
1502_04,FALSE
1504_01,FALSE
1505_01,FALSE
1508_01,FALSE
1512_01,FALSE
1513_01,FALSE
1514_01,FALSE
1516_01,FALSE
1517_01,FALSE
1518_01,FALSE
1518_02,FALSE
1519_01,FALSE
1522_01,FALSE
1530_01,FALSE
1534_01,FALSE
1534_02,FALSE
1535_01,FALSE
1537_01,FALSE
1538_01,FALSE
1538_02,FALSE
1546_01,FALSE
1549_01,FALSE
1553_01,FALSE
1553_02,FALSE
1554_01,FALSE
1554_02,FALSE
1556_01,FALSE
1557_01,FALSE
1559_01,FALSE
1559_02,FALSE
1563_01,FALSE
1566_01,FALSE
1570_01,FALSE
1571_01,FALSE
1574_01,FALSE
1575_01,FALSE
1582_01,FALSE
1582_02,FALSE
1583_01,FALSE
1586_01,FALSE
1587_01,FALSE
1587_02,FALSE
1589_01,FALSE
1591_01,FALSE
1591_02,FALSE
1598_01,FALSE
1598_02,FALSE
1600_01,FALSE
1605_01,FALSE
1607_01,FALSE
1609_01,FALSE
1610_01,FALSE
1616_01,FALSE
1618_01,FALSE
1620_01,FALSE
1623_01,FALSE
1627_01,FALSE
1629_01,FALSE
1629_02,FALSE
1629_03,FALSE
1629_04,FALSE
1629_05,FALSE
1629_06,FALSE
1639_01,FALSE
1641_01,FALSE
1642_01,FALSE
1643_01,FALSE
1648_01,FALSE
1652_01,FALSE
1654_01,FALSE
1664_01,FALSE
1665_01,FALSE
1665_02,FALSE
1667_01,FALSE
1675_01,FALSE
1678_01,FALSE
1679_01,FALSE
1680_01,FALSE
1680_02,FALSE
1683_01,FALSE
1684_01,FALSE
1686_01,FALSE
1689_01,FALSE
1689_02,FALSE
1689_03,FALSE
1692_01,FALSE
1693_01,FALSE
1701_01,FALSE
1702_01,FALSE
1703_01,FALSE
1706_01,FALSE
1707_01,FALSE
1716_01,FALSE
1720_01,FALSE
1722_01,FALSE
1726_01,FALSE
1726_02,FALSE
1726_03,FALSE
1732_01,FALSE
1735_01,FALSE
1737_01,FALSE
1741_01,FALSE
1741_02,FALSE
1741_03,FALSE
1743_01,FALSE
1744_01,FALSE
1750_01,FALSE
1751_01,FALSE
1751_02,FALSE
1754_01,FALSE
1756_01,FALSE
1759_01,FALSE
1765_01,FALSE
1773_01,FALSE
1777_01,FALSE
1777_02,FALSE
1780_01,FALSE
1784_01,FALSE
1787_01,FALSE
1788_01,FALSE
1789_01,FALSE
1790_01,FALSE
1790_02,FALSE
1791_01,FALSE
1791_02,FALSE
1793_01,FALSE
1793_02,FALSE
1794_01,FALSE
1795_01,FALSE
1801_01,FALSE
1801_02,FALSE
1809_01,FALSE
1814_01,FALSE
1814_02,FALSE
1814_03,FALSE
1815_01,FALSE
1819_01,FALSE
1820_01,FALSE
1824_01,FALSE
1825_01,FALSE
1825_02,FALSE
1830_01,FALSE
1832_01,FALSE
1835_01,FALSE
1835_02,FALSE
1837_01,FALSE
1838_01,FALSE
1839_01,FALSE
1840_01,FALSE
1842_01,FALSE
1845_01,FALSE
1851_01,FALSE
1851_02,FALSE
1852_01,FALSE
1852_02,FALSE
1852_03,FALSE
1852_04,FALSE
1858_01,FALSE
1862_01,FALSE
1862_02,FALSE
1862_03,FALSE
1867_01,FALSE
1869_01,FALSE
1870_01,FALSE
1875_01,FALSE
1876_01,FALSE
1883_01,FALSE
1885_01,FALSE
1893_01,FALSE
1894_01,FALSE
1895_01,FALSE
1896_01,FALSE
1900_01,FALSE
1904_01,FALSE
1909_01,FALSE
1909_02,FALSE
1909_03,FALSE
1910_01,FALSE
1910_02,FALSE
1910_03,FALSE
1910_04,FALSE
1912_01,FALSE
1913_01,FALSE
1913_02,FALSE
1913_03,FALSE
1914_01,FALSE
1917_01,FALSE
1919_01,FALSE
1921_01,FALSE
1921_02,FALSE
1924_01,FALSE
1929_01,FALSE
1930_01,FALSE
1932_01,FALSE
1934_01,FALSE
1936_01,FALSE
1943_01,FALSE
1944_01,FALSE
1948_01,FALSE
1948_02,FALSE
1949_01,FALSE
1951_01,FALSE
1951_02,FALSE
1954_01,FALSE
1955_01,FALSE
1958_01,FALSE
1965_01,FALSE
1966_01,FALSE
1970_01,FALSE
1972_01,FALSE
1982_01,FALSE
1986_01,FALSE
1987_01,FALSE
1989_01,FALSE
1990_01,FALSE
1990_02,FALSE
1998_01,FALSE
2002_01,FALSE
2004_01,FALSE
2005_01,FALSE
2005_02,FALSE
2008_01,FALSE
2014_01,FALSE
2016_01,FALSE
2016_02,FALSE
2017_01,FALSE
2017_02,FALSE
2018_01,FALSE
2020_01,FALSE
2021_01,FALSE
2023_01,FALSE
2023_02,FALSE
2023_03,FALSE
2025_01,FALSE
2030_01,FALSE
2031_01,FALSE
2033_01,FALSE
2035_01,FALSE
2035_02,FALSE
2036_01,FALSE
2036_02,FALSE
2036_03,FALSE
2037_01,FALSE
2037_02,FALSE
2039_01,FALSE
2039_02,FALSE
2039_03,FALSE
2047_01,FALSE
2048_01,FALSE
2049_01,FALSE
2050_01,FALSE
2057_01,FALSE
2057_02,FALSE
2057_03,FALSE
2057_04,FALSE
2057_05,FALSE
2058_01,FALSE
2064_01,FALSE
2068_01,FALSE
2068_02,FALSE
2068_03,FALSE
2068_04,FALSE
2068_05,FALSE
2069_01,FALSE
2072_01,FALSE
2072_02,FALSE
2076_01,FALSE
2077_01,FALSE
2078_01,FALSE
2079_01,FALSE
2079_02,FALSE
2079_03,FALSE
2093_01,FALSE
2098_01,FALSE
2101_01,FALSE
2101_02,FALSE
2103_01,FALSE
2108_01,FALSE
2108_02,FALSE
2109_01,FALSE
2113_01,FALSE
2119_01,FALSE
2119_02,FALSE
2122_01,FALSE
2132_01,FALSE
2146_01,FALSE
2146_02,FALSE
2151_01,FALSE
2155_01,FALSE
2157_01,FALSE
2160_01,FALSE
2160_02,FALSE
2160_03,FALSE
2165_01,FALSE
2166_01,FALSE
2169_01,FALSE
2170_01,FALSE
2174_01,FALSE
2176_01,FALSE
2178_01,FALSE
2181_01,FALSE
2184_01,FALSE
2184_02,FALSE
2185_01,FALSE
2192_01,FALSE
2197_01,FALSE
2199_01,FALSE
2208_01,FALSE
2213_01,FALSE
2214_01,FALSE
2216_01,FALSE
2217_01,FALSE
2218_01,FALSE
2222_01,FALSE
2226_01,FALSE
2227_01,FALSE
2230_01,FALSE
2236_01,FALSE
2240_01,FALSE
2240_02,FALSE
2240_03,FALSE
2242_01,FALSE
2244_01,FALSE
2245_01,FALSE
2245_02,FALSE
2246_01,FALSE
2246_02,FALSE
2247_01,FALSE
2248_01,FALSE
2249_01,FALSE
2250_01,FALSE
2259_01,FALSE
2259_02,FALSE
2260_01,FALSE
2265_01,FALSE
2271_01,FALSE
2276_01,FALSE
2276_02,FALSE
2283_01,FALSE
2285_01,FALSE
2286_01,FALSE
2290_01,FALSE
2292_01,FALSE
2293_01,FALSE
2294_01,FALSE
2297_01,FALSE
2304_01,FALSE
2307_01,FALSE
2307_02,FALSE
2307_03,FALSE
2307_04,FALSE
2307_05,FALSE
2322_01,FALSE
2323_01,FALSE
2324_01,FALSE
2326_01,FALSE
2328_01,FALSE
2330_01,FALSE
2331_01,FALSE
2334_01,FALSE
2335_01,FALSE
2337_01,FALSE
2342_01,FALSE
2343_01,FALSE
2343_02,FALSE
2344_01,FALSE
2344_02,FALSE
2346_01,FALSE
2350_01,FALSE
2350_02,FALSE
2350_03,FALSE
2351_01,FALSE
2351_02,FALSE
2352_01,FALSE
2354_01,FALSE
2355_01,FALSE
2355_02,FALSE
2355_03,FALSE
2355_04,FALSE
2358_01,FALSE
2359_01,FALSE
2362_01,FALSE
2370_01,FALSE
2370_02,FALSE
2370_03,FALSE
2370_04,FALSE
2371_01,FALSE
2372_01,FALSE
2378_01,FALSE
2378_02,FALSE
2380_01,FALSE
2380_02,FALSE
2381_01,FALSE
2383_01,FALSE
2383_02,FALSE
2386_01,FALSE
2388_01,FALSE
2388_02,FALSE
2393_01,FALSE
2394_01,FALSE
2394_02,FALSE
2394_03,FALSE
2400_01,FALSE
2405_01,FALSE
2407_01,FALSE
2408_01,FALSE
2415_01,FALSE
2418_01,FALSE
2420_01,FALSE
2422_01,FALSE
2422_02,FALSE
2425_01,FALSE
2425_02,FALSE
2425_03,FALSE
2425_04,FALSE
2425_05,FALSE
2425_06,FALSE
2428_01,FALSE
2430_01,FALSE
2430_02,FALSE
2430_03,FALSE
2434_01,FALSE
2434_02,FALSE
2437_01,FALSE
2440_01,FALSE
2447_01,FALSE
2448_01,FALSE
2448_02,FALSE
2450_01,FALSE
2459_01,FALSE
2464_01,FALSE
2465_01,FALSE
2468_01,FALSE
2469_01,FALSE
2469_02,FALSE
2473_01,FALSE
2481_01,FALSE
2481_02,FALSE
2482_01,FALSE
2482_02,FALSE
2484_01,FALSE
2484_02,FALSE
2485_01,FALSE
2487_01,FALSE
2487_02,FALSE
2487_03,FALSE
2490_01,FALSE
2493_01,FALSE
2493_02,FALSE
2494_01,FALSE
2494_02,FALSE
2495_01,FALSE
2501_01,FALSE
2504_01,FALSE
2507_01,FALSE
2511_01,FALSE
2514_01,FALSE
2517_01,FALSE
2525_01,FALSE
2529_01,FALSE
2533_01,FALSE
2536_01,FALSE
2538_01,FALSE
2538_02,FALSE
2539_01,FALSE
2543_01,FALSE
2554_01,FALSE
2556_01,FALSE
2563_01,FALSE
2566_01,FALSE
2567_01,FALSE
2567_02,FALSE
2568_01,FALSE
2569_01,FALSE
2570_01,FALSE
2575_01,FALSE
2576_01,FALSE
2577_01,FALSE
2577_02,FALSE
2579_01,FALSE
2583_01,FALSE
2585_01,FALSE
2586_01,FALSE
2587_01,FALSE
2587_02,FALSE
2600_01,FALSE
2603_01,FALSE
2603_02,FALSE
2604_01,FALSE
2608_01,FALSE
2610_01,FALSE
2611_01,FALSE
2612_01,FALSE
2613_01,FALSE
2614_01,FALSE
2615_01,FALSE
2620_01,FALSE
2621_01,FALSE
2623_01,FALSE
2630_01,FALSE
2630_02,FALSE
2630_03,FALSE
2632_01,FALSE
2637_01,FALSE
2637_02,FALSE
2637_03,FALSE
2639_01,FALSE
2644_01,FALSE
2653_01,FALSE
2654_01,FALSE
2656_01,FALSE
2665_01,FALSE
2667_01,FALSE
2667_02,FALSE
2667_03,FALSE
2667_04,FALSE
2667_05,FALSE
2669_01,FALSE
2673_01,FALSE
2674_01,FALSE
2674_02,FALSE
2680_01,FALSE
2681_01,FALSE
2686_01,FALSE
2689_01,FALSE
2694_01,FALSE
2694_02,FALSE
2696_01,FALSE
2699_01,FALSE
2705_01,FALSE
2710_01,FALSE
2710_02,FALSE
2711_01,FALSE
2715_01,FALSE
2715_02,FALSE
2716_01,FALSE
2716_02,FALSE
2719_01,FALSE
2719_02,FALSE
2719_03,FALSE
2728_01,FALSE
2731_01,FALSE
2733_01,FALSE
2735_01,FALSE
2742_01,FALSE
2744_01,FALSE
2749_01,FALSE
2757_01,FALSE
2761_01,FALSE
2761_02,FALSE
2766_01,FALSE
2767_01,FALSE
2771_01,FALSE
2775_01,FALSE
2776_01,FALSE
2777_01,FALSE
2779_01,FALSE
2782_01,FALSE
2791_01,FALSE
2794_01,FALSE
2794_02,FALSE
2794_03,FALSE
2794_04,FALSE
2794_05,FALSE
2794_06,FALSE
2794_07,FALSE
2800_01,FALSE
2803_01,FALSE
2804_01,FALSE
2808_01,FALSE
2808_02,FALSE
2815_01,FALSE
2815_02,FALSE
2815_03,FALSE
2816_01,FALSE
2827_01,FALSE
2828_01,FALSE
2829_01,FALSE
2830_01,FALSE
2833_01,FALSE
2836_01,FALSE
2841_01,FALSE
2842_01,FALSE
2844_01,FALSE
2845_01,FALSE
2845_02,FALSE
2848_01,FALSE
2848_02,FALSE
2848_03,FALSE
2849_01,FALSE
2850_01,FALSE
2850_02,FALSE
2850_03,FALSE
2850_04,FALSE
2851_01,FALSE
2855_01,FALSE
2864_01,FALSE
2868_01,FALSE
2868_02,FALSE
2868_03,FALSE
2868_04,FALSE
2874_01,FALSE
2879_01,FALSE
2885_01,FALSE
2886_01,FALSE
2889_01,FALSE
2895_01,FALSE
2896_01,FALSE
2898_01,FALSE
2898_02,FALSE
2903_01,FALSE
2904_01,FALSE
2904_02,FALSE
2911_01,FALSE
2914_01,FALSE
2915_01,FALSE
2916_01,FALSE
2917_01,FALSE
2918_01,FALSE
2921_01,FALSE
2922_01,FALSE
2923_01,FALSE
2924_01,FALSE
2931_01,FALSE
2931_02,FALSE
2932_01,FALSE
2933_01,FALSE
2937_01,FALSE
2939_01,FALSE
2946_01,FALSE
2946_02,FALSE
2946_03,FALSE
2946_04,FALSE
2947_01,FALSE
2951_01,FALSE
2952_01,FALSE
2955_01,FALSE
2957_01,FALSE
2963_01,FALSE
2967_01,FALSE
2973_01,FALSE
2974_01,FALSE
2976_01,FALSE
2976_02,FALSE
2976_03,FALSE
2976_04,FALSE
2977_01,FALSE
2977_02,FALSE
2977_03,FALSE
2978_01,FALSE
2980_01,FALSE
2981_01,FALSE
2985_01,FALSE
2987_01,FALSE
2989_01,FALSE
2991_01,FALSE
2997_01,FALSE
2997_02,FALSE
2997_03,FALSE
2997_04,FALSE
2999_01,FALSE
3002_01,FALSE
3007_01,FALSE
3008_01,FALSE
3008_02,FALSE
3008_03,FALSE
3008_04,FALSE
3008_05,FALSE
3008_06,FALSE
3011_01,FALSE
3016_01,FALSE
3016_02,FALSE
3016_03,FALSE
3016_04,FALSE
3017_01,FALSE
3028_01,FALSE
3031_01,FALSE
3035_01,FALSE
3037_01,FALSE
3037_02,FALSE
3041_01,FALSE
3043_01,FALSE
3046_01,FALSE
3049_01,FALSE
3051_01,FALSE
3052_01,FALSE
3056_01,FALSE
3057_01,FALSE
3058_01,FALSE
3059_01,FALSE
3069_01,FALSE
3072_01,FALSE
3074_01,FALSE
3075_01,FALSE
3077_01,FALSE
3077_02,FALSE
3078_01,FALSE
3078_02,FALSE
3078_03,FALSE
3078_04,FALSE
3086_01,FALSE
3089_01,FALSE
3094_01,FALSE
3097_01,FALSE
3098_01,FALSE
3101_01,FALSE
3105_01,FALSE
3105_02,FALSE
3105_03,FALSE
3106_01,FALSE
3107_01,FALSE
3108_01,FALSE
3109_01,FALSE
3115_01,FALSE
3122_01,FALSE
3122_02,FALSE
3125_01,FALSE
3125_02,FALSE
3127_01,FALSE
3129_01,FALSE
3135_01,FALSE
3137_01,FALSE
3139_01,FALSE
3141_01,FALSE
3144_01,FALSE
3146_01,FALSE
3148_01,FALSE
3148_02,FALSE
3150_01,FALSE
3151_01,FALSE
3153_01,FALSE
3153_02,FALSE
3154_01,FALSE
3155_01,FALSE
3155_02,FALSE
3156_01,FALSE
3157_01,FALSE
3160_01,FALSE
3165_01,FALSE
3167_01,FALSE
3170_01,FALSE
3173_01,FALSE
3177_01,FALSE
3178_01,FALSE
3183_01,FALSE
3186_01,FALSE
3187_01,FALSE
3190_01,FALSE
3190_02,FALSE
3194_01,FALSE
3198_01,FALSE
3199_01,FALSE
3202_01,FALSE
3207_01,FALSE
3208_01,FALSE
3214_01,FALSE
3222_01,FALSE
3226_01,FALSE
3228_01,FALSE
3231_01,FALSE
3233_01,FALSE
3234_01,FALSE
3242_01,FALSE
3244_01,FALSE
3244_02,FALSE
3244_03,FALSE
3245_01,FALSE
3245_02,FALSE
3246_01,FALSE
3249_01,FALSE
3249_02,FALSE
3250_01,FALSE
3251_01,FALSE
3257_01,FALSE
3261_01,FALSE
3263_01,FALSE
3264_01,FALSE
3265_01,FALSE
3265_02,FALSE
3265_03,FALSE
3265_04,FALSE
3266_01,FALSE
3267_01,FALSE
3277_01,FALSE
3278_01,FALSE
3281_01,FALSE
3285_01,FALSE
3285_02,FALSE
3286_01,FALSE
3288_01,FALSE
3290_01,FALSE
3290_02,FALSE
3291_01,FALSE
3302_01,FALSE
3303_01,FALSE
3306_01,FALSE
3307_01,FALSE
3316_01,FALSE
3320_01,FALSE
3320_02,FALSE
3321_01,FALSE
3333_01,FALSE
3334_01,FALSE
3335_01,FALSE
3340_01,FALSE
3341_01,FALSE
3341_02,FALSE
3344_01,FALSE
3344_02,FALSE
3345_01,FALSE
3345_02,FALSE
3345_03,FALSE
3346_01,FALSE
3347_01,FALSE
3347_02,FALSE
3351_01,FALSE
3351_02,FALSE
3354_01,FALSE
3355_01,FALSE
3356_01,FALSE
3358_01,FALSE
3362_01,FALSE
3362_02,FALSE
3366_01,FALSE
3367_01,FALSE
3368_01,FALSE
3368_02,FALSE
3368_03,FALSE
3368_04,FALSE
3368_05,FALSE
3368_06,FALSE
3368_07,FALSE
3369_01,FALSE
3373_01,FALSE
3374_01,FALSE
3375_01,FALSE
3376_01,FALSE
3378_01,FALSE
3379_01,FALSE
3385_01,FALSE
3388_01,FALSE
3393_01,FALSE
3398_01,FALSE
3399_01,FALSE
3400_01,FALSE
3407_01,FALSE
3407_02,FALSE
3411_01,FALSE
3411_02,FALSE
3411_03,FALSE
3411_04,FALSE
3411_05,FALSE
3411_06,FALSE
3411_07,FALSE
3414_01,FALSE
3416_01,FALSE
3427_01,FALSE
3429_01,FALSE
3435_01,FALSE
3436_01,FALSE
3448_01,FALSE
3448_02,FALSE
3451_01,FALSE
3452_01,FALSE
3457_01,FALSE
3460_01,FALSE
3463_01,FALSE
3466_01,FALSE
3471_01,FALSE
3472_01,FALSE
3477_01,FALSE
3477_02,FALSE
3479_01,FALSE
3481_01,FALSE
3482_01,FALSE
3482_02,FALSE
3493_01,FALSE
3494_01,FALSE
3494_02,FALSE
3498_01,FALSE
3500_01,FALSE
3502_01,FALSE
3503_01,FALSE
3505_01,FALSE
3507_01,FALSE
3508_01,FALSE
3508_02,FALSE
3509_01,FALSE
3509_02,FALSE
3510_01,FALSE
3513_01,FALSE
3513_02,FALSE
3513_03,FALSE
3513_04,FALSE
3516_01,FALSE
3517_01,FALSE
3522_01,FALSE
3524_01,FALSE
3526_01,FALSE
3529_01,FALSE
3532_01,FALSE
3538_01,FALSE
3541_01,FALSE
3544_01,FALSE
3544_02,FALSE
3545_01,FALSE
3549_01,FALSE
3549_02,FALSE
3551_01,FALSE
3554_01,FALSE
3557_01,FALSE
3571_01,FALSE
3574_01,FALSE
3575_01,FALSE
3580_01,FALSE
3580_02,FALSE
3581_01,FALSE
3583_01,FALSE
3585_01,FALSE
3587_01,FALSE
3587_02,FALSE
3587_03,FALSE
3589_01,FALSE
3589_02,FALSE
3589_03,FALSE
3589_04,FALSE
3589_05,FALSE
3589_06,FALSE
3589_07,FALSE
3590_01,FALSE
3593_01,FALSE
3599_01,FALSE
3601_01,FALSE
3601_02,FALSE
3601_03,FALSE
3601_04,FALSE
3601_05,FALSE
3601_06,FALSE
3601_07,FALSE
3603_01,FALSE
3603_02,FALSE
3604_01,FALSE
3611_01,FALSE
3617_01,FALSE
3617_02,FALSE
3617_03,FALSE
3618_01,FALSE
3618_02,FALSE
3618_03,FALSE
3618_04,FALSE
3621_01,FALSE
3621_02,FALSE
3623_01,FALSE
3627_01,FALSE
3632_01,FALSE
3633_01,FALSE
3635_01,FALSE
3635_02,FALSE
3637_01,FALSE
3638_01,FALSE
3643_01,FALSE
3646_01,FALSE
3646_02,FALSE
3649_01,FALSE
3651_01,FALSE
3656_01,FALSE
3656_02,FALSE
3657_01,FALSE
3657_02,FALSE
3657_03,FALSE
3659_01,FALSE
3659_02,FALSE
3659_03,FALSE
3659_04,FALSE
3659_05,FALSE
3659_06,FALSE
3659_07,FALSE
3661_01,FALSE
3663_01,FALSE
3666_01,FALSE
3669_01,FALSE
3670_01,FALSE
3672_01,FALSE
3672_02,FALSE
3673_01,FALSE
3675_01,FALSE
3675_02,FALSE
3675_03,FALSE
3676_01,FALSE
3683_01,FALSE
3683_02,FALSE
3684_01,FALSE
3684_02,FALSE
3685_01,FALSE
3687_01,FALSE
3689_01,FALSE
3694_01,FALSE
3695_01,FALSE
3696_01,FALSE
3697_01,FALSE
3698_01,FALSE
3701_01,FALSE
3701_02,FALSE
3701_03,FALSE
3709_01,FALSE
3712_01,FALSE
3712_02,FALSE
3712_03,FALSE
3712_04,FALSE
3712_05,FALSE
3717_01,FALSE
3717_02,FALSE
3718_01,FALSE
3720_01,FALSE
3720_02,FALSE
3720_03,FALSE
3721_01,FALSE
3722_01,FALSE
3723_01,FALSE
3725_01,FALSE
3727_01,FALSE
3730_01,FALSE
3731_01,FALSE
3738_01,FALSE
3740_01,FALSE
3746_01,FALSE
3746_02,FALSE
3746_03,FALSE
3746_04,FALSE
3762_01,FALSE
3763_01,FALSE
3764_01,FALSE
3764_02,FALSE
3766_01,FALSE
3766_02,FALSE
3780_01,FALSE
3782_01,FALSE
3782_02,FALSE
3791_01,FALSE
3792_01,FALSE
3794_01,FALSE
3799_01,FALSE
3800_01,FALSE
3802_01,FALSE
3806_01,FALSE
3808_01,FALSE
3809_01,FALSE
3809_02,FALSE
3813_01,FALSE
3819_01,FALSE
3825_01,FALSE
3827_01,FALSE
3828_01,FALSE
3828_02,FALSE
3828_03,FALSE
3829_01,FALSE
3829_02,FALSE
3833_01,FALSE
3834_01,FALSE
3837_01,FALSE
3840_01,FALSE
3843_01,FALSE
3844_01,FALSE
3844_02,FALSE
3845_01,FALSE
3855_01,FALSE
3858_01,FALSE
3858_02,FALSE
3858_03,FALSE
3858_04,FALSE
3859_01,FALSE
3860_01,FALSE
3861_01,FALSE
3863_01,FALSE
3865_01,FALSE
3869_01,FALSE
3876_01,FALSE
3876_02,FALSE
3876_03,FALSE
3877_01,FALSE
3878_01,FALSE
3880_01,FALSE
3881_01,FALSE
3882_01,FALSE
3884_01,FALSE
3885_01,FALSE
3887_01,FALSE
3889_01,FALSE
3889_02,FALSE
3891_01,FALSE
3892_01,FALSE
3892_02,FALSE
3893_01,FALSE
3893_02,FALSE
3893_03,FALSE
3900_01,FALSE
3901_01,FALSE
3902_01,FALSE
3905_01,FALSE
3906_01,FALSE
3906_02,FALSE
3908_01,FALSE
3908_02,FALSE
3910_01,FALSE
3914_01,FALSE
3918_01,FALSE
3920_01,FALSE
3925_01,FALSE
3925_02,FALSE
3929_01,FALSE
3934_01,FALSE
3934_02,FALSE
3943_01,FALSE
3943_02,FALSE
3943_03,FALSE
3947_01,FALSE
3951_01,FALSE
3953_01,FALSE
3956_01,FALSE
3957_01,FALSE
3965_01,FALSE
3969_01,FALSE
3972_01,FALSE
3975_01,FALSE
3978_01,FALSE
3979_01,FALSE
3982_01,FALSE
3983_01,FALSE
3989_01,FALSE
3989_02,FALSE
3989_03,FALSE
3989_04,FALSE
3990_01,FALSE
3993_01,FALSE
4004_01,FALSE
4007_01,FALSE
4011_01,FALSE
4012_01,FALSE
4012_02,FALSE
4015_01,FALSE
4015_02,FALSE
4024_01,FALSE
4025_01,FALSE
4028_01,FALSE
4029_01,FALSE
4041_01,FALSE
4048_01,FALSE
4048_02,FALSE
4048_03,FALSE
4051_01,FALSE
4052_01,FALSE
4054_01,FALSE
4054_02,FALSE
4054_03,FALSE
4056_01,FALSE
4057_01,FALSE
4059_01,FALSE
4059_02,FALSE
4062_01,FALSE
4067_01,FALSE
4070_01,FALSE
4070_02,FALSE
4070_03,FALSE
4073_01,FALSE
4073_02,FALSE
4074_01,FALSE
4077_01,FALSE
4085_01,FALSE
4086_01,FALSE
4086_02,FALSE
4086_03,FALSE
4087_01,FALSE
4088_01,FALSE
4092_01,FALSE
4094_01,FALSE
4094_02,FALSE
4100_01,FALSE
4105_01,FALSE
4111_01,FALSE
4117_01,FALSE
4118_01,FALSE
4119_01,FALSE
4121_01,FALSE
4122_01,FALSE
4123_01,FALSE
4124_01,FALSE
4126_01,FALSE
4133_01,FALSE
4133_02,FALSE
4136_01,FALSE
4136_02,FALSE
4138_01,FALSE
4139_01,FALSE
4146_01,FALSE
4148_01,FALSE
4153_01,FALSE
4155_01,FALSE
4157_01,FALSE
4161_01,FALSE
4162_01,FALSE
4164_01,FALSE
4180_01,FALSE
4180_02,FALSE
4187_01,FALSE
4190_01,FALSE
4192_01,FALSE
4193_01,FALSE
4195_01,FALSE
4198_01,FALSE
4200_01,FALSE
4201_01,FALSE
4202_01,FALSE
4202_02,FALSE
4209_01,FALSE
4217_01,FALSE
4224_01,FALSE
4224_02,FALSE
4226_01,FALSE
4226_02,FALSE
4227_01,FALSE
4228_01,FALSE
4234_01,FALSE
4234_02,FALSE
4235_01,FALSE
4235_02,FALSE
4236_01,FALSE
4236_02,FALSE
4241_01,FALSE
4247_01,FALSE
4247_02,FALSE
4248_01,FALSE
4248_02,FALSE
4250_01,FALSE
4263_01,FALSE
4263_02,FALSE
4263_03,FALSE
4265_01,FALSE
4268_01,FALSE
4268_02,FALSE
4269_01,FALSE
4275_01,FALSE
4276_01,FALSE
4277_01,FALSE
4279_01,FALSE
4281_01,FALSE
4282_01,FALSE
4283_01,FALSE
4284_01,FALSE
4284_02,FALSE
4285_01,FALSE
4286_01,FALSE
4286_02,FALSE
4286_03,FALSE
4287_01,FALSE
4288_01,FALSE
4288_02,FALSE
4290_01,FALSE
4298_01,FALSE
4298_02,FALSE
4298_03,FALSE
4299_01,FALSE
4304_01,FALSE
4307_01,FALSE
4308_01,FALSE
4310_01,FALSE
4313_01,FALSE
4314_01,FALSE
4321_01,FALSE
4322_01,FALSE
4323_01,FALSE
4323_02,FALSE
4323_03,FALSE
4323_04,FALSE
4325_01,FALSE
4326_01,FALSE
4328_01,FALSE
4331_01,FALSE
4341_01,FALSE
4341_02,FALSE
4342_01,FALSE
4353_01,FALSE
4355_01,FALSE
4363_01,FALSE
4374_01,FALSE
4375_01,FALSE
4377_01,FALSE
4377_02,FALSE
4377_03,FALSE
4378_01,FALSE
4378_02,FALSE
4379_01,FALSE
4380_01,FALSE
4381_01,FALSE
4381_02,FALSE
4384_01,FALSE
4385_01,FALSE
4385_02,FALSE
4385_03,FALSE
4389_01,FALSE
4394_01,FALSE
4398_01,FALSE
4406_01,FALSE
4412_01,FALSE
4414_01,FALSE
4417_01,FALSE
4418_01,FALSE
4419_01,FALSE
4419_02,FALSE
4420_01,FALSE
4420_02,FALSE
4421_01,FALSE
4423_01,FALSE
4425_01,FALSE
4425_02,FALSE
4434_01,FALSE
4435_01,FALSE
4435_02,FALSE
4439_01,FALSE
4439_02,FALSE
4442_01,FALSE
4443_01,FALSE
4443_02,FALSE
4454_01,FALSE
4455_01,FALSE
4455_02,FALSE
4455_03,FALSE
4458_01,FALSE
4460_01,FALSE
4468_01,FALSE
4471_01,FALSE
4478_01,FALSE
4480_01,FALSE
4481_01,FALSE
4484_01,FALSE
4488_01,FALSE
4489_01,FALSE
4495_01,FALSE
4499_01,FALSE
4503_01,FALSE
4504_01,FALSE
4507_01,FALSE
4513_01,FALSE
4519_01,FALSE
4520_01,FALSE
4523_01,FALSE
4523_02,FALSE
4523_03,FALSE
4523_04,FALSE
4523_05,FALSE
4523_06,FALSE
4525_01,FALSE
4526_01,FALSE
4527_01,FALSE
4528_01,FALSE
4536_01,FALSE
4540_01,FALSE
4541_01,FALSE
4545_01,FALSE
4548_01,FALSE
4551_01,FALSE
4551_02,FALSE
4551_03,FALSE
4551_04,FALSE
4554_01,FALSE
4556_01,FALSE
4566_01,FALSE
4578_01,FALSE
4579_01,FALSE
4582_01,FALSE
4582_02,FALSE
4582_03,FALSE
4582_04,FALSE
4582_05,FALSE
4582_06,FALSE
4582_07,FALSE
4583_01,FALSE
4583_02,FALSE
4583_03,FALSE
4584_01,FALSE
4588_01,FALSE
4589_01,FALSE
4590_01,FALSE
4598_01,FALSE
4599_01,FALSE
4600_01,FALSE
4600_02,FALSE
4601_01,FALSE
4614_01,FALSE
4614_02,FALSE
4616_01,FALSE
4618_01,FALSE
4619_01,FALSE
4626_01,FALSE
4626_02,FALSE
4627_01,FALSE
4629_01,FALSE
4636_01,FALSE
4639_01,FALSE
4639_02,FALSE
4639_03,FALSE
4639_04,FALSE
4639_05,FALSE
4639_06,FALSE
4647_01,FALSE
4660_01,FALSE
4666_01,FALSE
4669_01,FALSE
4670_01,FALSE
4671_01,FALSE
4671_02,FALSE
4671_03,FALSE
4671_04,FALSE
4674_01,FALSE
4675_01,FALSE
4675_02,FALSE
4681_01,FALSE
4682_01,FALSE
4683_01,FALSE
4683_02,FALSE
4685_01,FALSE
4687_01,FALSE
4688_01,FALSE
4692_01,FALSE
4697_01,FALSE
4698_01,FALSE
4700_01,FALSE
4701_01,FALSE
4701_02,FALSE
4701_03,FALSE
4701_04,FALSE
4702_01,FALSE
4702_02,FALSE
4703_01,FALSE
4703_02,FALSE
4705_01,FALSE
4705_02,FALSE
4707_01,FALSE
4707_02,FALSE
4715_01,FALSE
4716_01,FALSE
4718_01,FALSE
4722_01,FALSE
4724_01,FALSE
4727_01,FALSE
4727_02,FALSE
4729_01,FALSE
4731_01,FALSE
4734_01,FALSE
4735_01,FALSE
4736_01,FALSE
4737_01,FALSE
4740_01,FALSE
4742_01,FALSE
4745_01,FALSE
4747_01,FALSE
4747_02,FALSE
4749_01,FALSE
4751_01,FALSE
4760_01,FALSE
4761_01,FALSE
4761_02,FALSE
4761_03,FALSE
4765_01,FALSE
4766_01,FALSE
4767_01,FALSE
4768_01,FALSE
4768_02,FALSE
4771_01,FALSE
4776_01,FALSE
4776_02,FALSE
4776_03,FALSE
4776_04,FALSE
4779_01,FALSE
4781_01,FALSE
4789_01,FALSE
4799_01,FALSE
4799_02,FALSE
4799_03,FALSE
4800_01,FALSE
4802_01,FALSE
4802_02,FALSE
4805_01,FALSE
4806_01,FALSE
4809_01,FALSE
4811_01,FALSE
4812_01,FALSE
4816_01,FALSE
4820_01,FALSE
4820_02,FALSE
4821_01,FALSE
4824_01,FALSE
4825_01,FALSE
4826_01,FALSE
4833_01,FALSE
4833_02,FALSE
4834_01,FALSE
4835_01,FALSE
4839_01,FALSE
4843_01,FALSE
4843_02,FALSE
4844_01,FALSE
4849_01,FALSE
4852_01,FALSE
4854_01,FALSE
4855_01,FALSE
4855_02,FALSE
4858_01,FALSE
4859_01,FALSE
4860_01,FALSE
4861_01,FALSE
4865_01,FALSE
4867_01,FALSE
4869_01,FALSE
4872_01,FALSE
4877_01,FALSE
4894_01,FALSE
4905_01,FALSE
4906_01,FALSE
4907_01,FALSE
4908_01,FALSE
4914_01,FALSE
4919_01,FALSE
4921_01,FALSE
4922_01,FALSE
4926_01,FALSE
4928_01,FALSE
4931_01,FALSE
4935_01,FALSE
4935_02,FALSE
4935_03,FALSE
4936_01,FALSE
4947_01,FALSE
4948_01,FALSE
4949_01,FALSE
4949_02,FALSE
4953_01,FALSE
4955_01,FALSE
4957_01,FALSE
4959_01,FALSE
4960_01,FALSE
4962_01,FALSE
4966_01,FALSE
4966_02,FALSE
4967_01,FALSE
4968_01,FALSE
4969_01,FALSE
4969_02,FALSE
4971_01,FALSE
4976_01,FALSE
4982_01,FALSE
4984_01,FALSE
4984_02,FALSE
4985_01,FALSE
4986_01,FALSE
4988_01,FALSE
4993_01,FALSE
4994_01,FALSE
5001_01,FALSE
5002_01,FALSE
5011_01,FALSE
5022_01,FALSE
5024_01,FALSE
5024_02,FALSE
5024_03,FALSE
5024_04,FALSE
5024_05,FALSE
5026_01,FALSE
5029_01,FALSE
5029_02,FALSE
5030_01,FALSE
5031_01,FALSE
5031_02,FALSE
5033_01,FALSE
5033_02,FALSE
5037_01,FALSE
5038_01,FALSE
5038_02,FALSE
5041_01,FALSE
5043_01,FALSE
5043_02,FALSE
5043_03,FALSE
5045_01,FALSE
5046_01,FALSE
5047_01,FALSE
5049_01,FALSE
5053_01,FALSE
5054_01,FALSE
5055_01,FALSE
5056_01,FALSE
5056_02,FALSE
5066_01,FALSE
5071_01,FALSE
5075_01,FALSE
5077_01,FALSE
5078_01,FALSE
5079_01,FALSE
5081_01,FALSE
5082_01,FALSE
5086_01,FALSE
5086_02,FALSE
5092_01,FALSE
5094_01,FALSE
5094_02,FALSE
5096_01,FALSE
5096_02,FALSE
5098_01,FALSE
5098_02,FALSE
5098_03,FALSE
5099_01,FALSE
5100_01,FALSE
5101_01,FALSE
5102_01,FALSE
5107_01,FALSE
5110_01,FALSE
5113_01,FALSE
5114_01,FALSE
5117_01,FALSE
5118_01,FALSE
5119_01,FALSE
5121_01,FALSE
5123_01,FALSE
5131_01,FALSE
5131_02,FALSE
5134_01,FALSE
5135_01,FALSE
5139_01,FALSE
5141_01,FALSE
5143_01,FALSE
5147_01,FALSE
5149_01,FALSE
5149_02,FALSE
5150_01,FALSE
5153_01,FALSE
5155_01,FALSE
5159_01,FALSE
5159_02,FALSE
5164_01,FALSE
5164_02,FALSE
5168_01,FALSE
5169_01,FALSE
5172_01,FALSE
5178_01,FALSE
5183_01,FALSE
5189_01,FALSE
5191_01,FALSE
5195_01,FALSE
5200_01,FALSE
5203_01,FALSE
5203_02,FALSE
5212_01,FALSE
5215_01,FALSE
5219_01,FALSE
5219_02,FALSE
5222_01,FALSE
5228_01,FALSE
5228_02,FALSE
5231_01,FALSE
5232_01,FALSE
5232_02,FALSE
5233_01,FALSE
5237_01,FALSE
5241_01,FALSE
5241_02,FALSE
5245_01,FALSE
5259_01,FALSE
5261_01,FALSE
5263_01,FALSE
5267_01,FALSE
5267_02,FALSE
5267_03,FALSE
5270_01,FALSE
5283_01,FALSE
5284_01,FALSE
5285_01,FALSE
5286_01,FALSE
5289_01,FALSE
5293_01,FALSE
5293_02,FALSE
5294_01,FALSE
5295_01,FALSE
5296_01,FALSE
5302_01,FALSE
5306_01,FALSE
5306_02,FALSE
5308_01,FALSE
5308_02,FALSE
5308_03,FALSE
5309_01,FALSE
5311_01,FALSE
5317_01,FALSE
5317_02,FALSE
5318_01,FALSE
5318_02,FALSE
5319_01,FALSE
5321_01,FALSE
5324_01,FALSE
5328_01,FALSE
5329_01,FALSE
5329_02,FALSE
5329_03,FALSE
5329_04,FALSE
5329_05,FALSE
5329_06,FALSE
5329_07,FALSE
5332_01,FALSE
5335_01,FALSE
5335_02,FALSE
5335_03,FALSE
5335_04,FALSE
5336_01,FALSE
5338_01,FALSE
5339_01,FALSE
5339_02,FALSE
5339_03,FALSE
5342_01,FALSE
5349_01,FALSE
5352_01,FALSE
5357_01,FALSE
5357_02,FALSE
5357_03,FALSE
5357_04,FALSE
5358_01,FALSE
5364_01,FALSE
5369_01,FALSE
5369_02,FALSE
5369_03,FALSE
5370_01,FALSE
5371_01,FALSE
5371_02,FALSE
5371_03,FALSE
5371_04,FALSE
5373_01,FALSE
5376_01,FALSE
5376_02,FALSE
5377_01,FALSE
5381_01,FALSE
5382_01,FALSE
5382_02,FALSE
5386_01,FALSE
5391_01,FALSE
5393_01,FALSE
5398_01,FALSE
5399_01,FALSE
5400_01,FALSE
5403_01,FALSE
5405_01,FALSE
5407_01,FALSE
5409_01,FALSE
5417_01,FALSE
5419_01,FALSE
5426_01,FALSE
5428_01,FALSE
5428_02,FALSE
5429_01,FALSE
5432_01,FALSE
5433_01,FALSE
5439_01,FALSE
5442_01,FALSE
5444_01,FALSE
5448_01,FALSE
5449_01,FALSE
5456_01,FALSE
5460_01,FALSE
5461_01,FALSE
5464_01,FALSE
5473_01,FALSE
5473_02,FALSE
5481_01,FALSE
5482_01,FALSE
5482_02,FALSE
5486_01,FALSE
5493_01,FALSE
5495_01,FALSE
5498_01,FALSE
5498_02,FALSE
5502_01,FALSE
5503_01,FALSE
5505_01,FALSE
5505_02,FALSE
5505_03,FALSE
5513_01,FALSE
5513_02,FALSE
5513_03,FALSE
5513_04,FALSE
5516_01,FALSE
5518_01,FALSE
5519_01,FALSE
5525_01,FALSE
5532_01,FALSE
5533_01,FALSE
5534_01,FALSE
5542_01,FALSE
5547_01,FALSE
5548_01,FALSE
5549_01,FALSE
5553_01,FALSE
5553_02,FALSE
5554_01,FALSE
5558_01,FALSE
5562_01,FALSE
5562_02,FALSE
5564_01,FALSE
5565_01,FALSE
5567_01,FALSE
5570_01,FALSE
5576_01,FALSE
5577_01,FALSE
5577_02,FALSE
5577_03,FALSE
5577_04,FALSE
5577_05,FALSE
5579_01,FALSE
5584_01,FALSE
5584_02,FALSE
5588_01,FALSE
5588_02,FALSE
5588_03,FALSE
5588_04,FALSE
5588_05,FALSE
5590_01,FALSE
5593_01,FALSE
5597_01,FALSE
5600_01,FALSE
5604_01,FALSE
5605_01,FALSE
5607_01,FALSE
5612_01,FALSE
5617_01,FALSE
5620_01,FALSE
5620_02,FALSE
5621_01,FALSE
5624_01,FALSE
5630_01,FALSE
5632_01,FALSE
5633_01,FALSE
5634_01,FALSE
5635_01,FALSE
5636_01,FALSE
5638_01,FALSE
5641_01,FALSE
5649_01,FALSE
5654_01,FALSE
5656_01,FALSE
5657_01,FALSE
5658_01,FALSE
5660_01,FALSE
5664_01,FALSE
5664_02,FALSE
5664_03,FALSE
5664_04,FALSE
5665_01,FALSE
5666_01,FALSE
5668_01,FALSE
5669_01,FALSE
5670_01,FALSE
5672_01,FALSE
5675_01,FALSE
5676_01,FALSE
5678_01,FALSE
5678_02,FALSE
5682_01,FALSE
5683_01,FALSE
5690_01,FALSE
5691_01,FALSE
5694_01,FALSE
5697_01,FALSE
5699_01,FALSE
5703_01,FALSE
5708_01,FALSE
5715_01,FALSE
5715_02,FALSE
5720_01,FALSE
5720_02,FALSE
5731_01,FALSE
5731_02,FALSE
5734_01,FALSE
5734_02,FALSE
5741_01,FALSE
5743_01,FALSE
5745_01,FALSE
5749_01,FALSE
5752_01,FALSE
5753_01,FALSE
5754_01,FALSE
5759_01,FALSE
5760_01,FALSE
5762_01,FALSE
5766_01,FALSE
5770_01,FALSE
5774_01,FALSE
5775_01,FALSE
5782_01,FALSE
5782_02,FALSE
5782_03,FALSE
5782_04,FALSE
5784_01,FALSE
5787_01,FALSE
5787_02,FALSE
5787_03,FALSE
5789_01,FALSE
5789_02,FALSE
5797_01,FALSE
5798_01,FALSE
5801_01,FALSE
5803_01,FALSE
5805_01,FALSE
5807_01,FALSE
5815_01,FALSE
5815_02,FALSE
5815_03,FALSE
5815_04,FALSE
5830_01,FALSE
5832_01,FALSE
5833_01,FALSE
5838_01,FALSE
5841_01,FALSE
5841_02,FALSE
5841_03,FALSE
5845_01,FALSE
5850_01,FALSE
5851_01,FALSE
5851_02,FALSE
5853_01,FALSE
5862_01,FALSE
5864_01,FALSE
5865_01,FALSE
5866_01,FALSE
5870_01,FALSE
5872_01,FALSE
5873_01,FALSE
5873_02,FALSE
5873_03,FALSE
5881_01,FALSE
5883_01,FALSE
5884_01,FALSE
5892_01,FALSE
5893_01,FALSE
5893_02,FALSE
5895_01,FALSE
5896_01,FALSE
5899_01,FALSE
5904_01,FALSE
5904_02,FALSE
5910_01,FALSE
5911_01,FALSE
5911_02,FALSE
5911_03,FALSE
5911_04,FALSE
5911_05,FALSE
5911_06,FALSE
5914_01,FALSE
5917_01,FALSE
5918_01,FALSE
5926_01,FALSE
5929_01,FALSE
5932_01,FALSE
5935_01,FALSE
5936_01,FALSE
5936_02,FALSE
5936_03,FALSE
5936_04,FALSE
5936_05,FALSE
5937_01,FALSE
5940_01,FALSE
5942_01,FALSE
5942_02,FALSE
5943_01,FALSE
5948_01,FALSE
5958_01,FALSE
5961_01,FALSE
5961_02,FALSE
5962_01,FALSE
5964_01,FALSE
5964_02,FALSE
5966_01,FALSE
5966_02,FALSE
5978_01,FALSE
5978_02,FALSE
5979_01,FALSE
5982_01,FALSE
5996_01,FALSE
5997_01,FALSE
5997_02,FALSE
6002_01,FALSE
6005_01,FALSE
6005_02,FALSE
6005_03,FALSE
6005_04,FALSE
6005_05,FALSE
6009_01,FALSE
6009_02,FALSE
6012_01,FALSE
6013_01,FALSE
6018_01,FALSE
6021_01,FALSE
6023_01,FALSE
6037_01,FALSE
6044_01,FALSE
6044_02,FALSE
6046_01,FALSE
6050_01,FALSE
6051_01,FALSE
6051_02,FALSE
6053_01,FALSE
6056_01,FALSE
6057_01,FALSE
6060_01,FALSE
6063_01,FALSE
6072_01,FALSE
6074_01,FALSE
6074_02,FALSE
6074_03,FALSE
6078_01,FALSE
6079_01,FALSE
6081_01,FALSE
6081_02,FALSE
6081_03,FALSE
6081_04,FALSE
6083_01,FALSE
6084_01,FALSE
6088_01,FALSE
6089_01,FALSE
6093_01,FALSE
6097_01,FALSE
6100_01,FALSE
6104_01,FALSE
6113_01,FALSE
6114_01,FALSE
6119_01,FALSE
6119_02,FALSE
6119_03,FALSE
6125_01,FALSE
6129_01,FALSE
6131_01,FALSE
6134_01,FALSE
6140_01,FALSE
6142_01,FALSE
6142_02,FALSE
6144_01,FALSE
6147_01,FALSE
6151_01,FALSE
6151_02,FALSE
6154_01,FALSE
6159_01,FALSE
6160_01,FALSE
6160_02,FALSE
6161_01,FALSE
6164_01,FALSE
6165_01,FALSE
6177_01,FALSE
6183_01,FALSE
6185_01,FALSE
6187_01,FALSE
6188_01,FALSE
6190_01,FALSE
6193_01,FALSE
6193_02,FALSE
6193_03,FALSE
6193_04,FALSE
6195_01,FALSE
6196_01,FALSE
6197_01,FALSE
6198_01,FALSE
6202_01,FALSE
6203_01,FALSE
6204_01,FALSE
6209_01,FALSE
6209_02,FALSE
6210_01,FALSE
6212_01,FALSE
6214_01,FALSE
6217_01,FALSE
6217_02,FALSE
6221_01,FALSE
6226_01,FALSE
6231_01,FALSE
6231_02,FALSE
6231_03,FALSE
6233_01,FALSE
6233_02,FALSE
6233_03,FALSE
6235_01,FALSE
6240_01,FALSE
6242_01,FALSE
6244_01,FALSE
6244_02,FALSE
6247_01,FALSE
6255_01,FALSE
6257_01,FALSE
6257_02,FALSE
6257_03,FALSE
6258_01,FALSE
6259_01,FALSE
6260_01,FALSE
6260_02,FALSE
6261_01,FALSE
6261_02,FALSE
6267_01,FALSE
6267_02,FALSE
6267_03,FALSE
6267_04,FALSE
6267_05,FALSE
6267_06,FALSE
6269_01,FALSE
6269_02,FALSE
6269_03,FALSE
6272_01,FALSE
6272_02,FALSE
6275_01,FALSE
6278_01,FALSE
6278_02,FALSE
6284_01,FALSE
6286_01,FALSE
6286_02,FALSE
6287_01,FALSE
6287_02,FALSE
6288_01,FALSE
6288_02,FALSE
6288_03,FALSE
6288_04,FALSE
6291_01,FALSE
6294_01,FALSE
6295_01,FALSE
6295_02,FALSE
6298_01,FALSE
6303_01,FALSE
6306_01,FALSE
6307_01,FALSE
6310_01,FALSE
6311_01,FALSE
6312_01,FALSE
6312_02,FALSE
6314_01,FALSE
6329_01,FALSE
6332_01,FALSE
6332_02,FALSE
6332_03,FALSE
6332_04,FALSE
6332_05,FALSE
6332_06,FALSE
6332_07,FALSE
6332_08,FALSE
6333_01,FALSE
6336_01,FALSE
6337_01,FALSE
6342_01,FALSE
6342_02,FALSE
6345_01,FALSE
6345_02,FALSE
6350_01,FALSE
6352_01,FALSE
6352_02,FALSE
6358_01,FALSE
6358_02,FALSE
6359_01,FALSE
6362_01,FALSE
6364_01,FALSE
6375_01,FALSE
6377_01,FALSE
6379_01,FALSE
6382_01,FALSE
6383_01,FALSE
6383_02,FALSE
6383_03,FALSE
6384_01,FALSE
6386_01,FALSE
6387_01,FALSE
6389_01,FALSE
6391_01,FALSE
6391_02,FALSE
6392_01,FALSE
6393_01,FALSE
6395_01,FALSE
6401_01,FALSE
6401_02,FALSE
6403_01,FALSE
6410_01,FALSE
6410_02,FALSE
6417_01,FALSE
6420_01,FALSE
6423_01,FALSE
6425_01,FALSE
6425_02,FALSE
6426_01,FALSE
6427_01,FALSE
6429_01,FALSE
6435_01,FALSE
6438_01,FALSE
6440_01,FALSE
6441_01,FALSE
6445_01,FALSE
6460_01,FALSE
6465_01,FALSE
6466_01,FALSE
6467_01,FALSE
6469_01,FALSE
6474_01,FALSE
6476_01,FALSE
6479_01,FALSE
6479_02,FALSE
6483_01,FALSE
6484_01,FALSE
6486_01,FALSE
6491_01,FALSE
6491_02,FALSE
6491_03,FALSE
6495_01,FALSE
6496_01,FALSE
6496_02,FALSE
6497_01,FALSE
6498_01,FALSE
6499_01,FALSE
6499_02,FALSE
6499_03,FALSE
6499_04,FALSE
6499_05,FALSE
6499_06,FALSE
6499_07,FALSE
6499_08,FALSE
6504_01,FALSE
6504_02,FALSE
6505_01,FALSE
6506_01,FALSE
6506_02,FALSE
6507_01,FALSE
6515_01,FALSE
6516_01,FALSE
6516_02,FALSE
6518_01,FALSE
6519_01,FALSE
6521_01,FALSE
6524_01,FALSE
6527_01,FALSE
6528_01,FALSE
6532_01,FALSE
6533_01,FALSE
6533_02,FALSE
6534_01,FALSE
6536_01,FALSE
6537_01,FALSE
6538_01,FALSE
6542_01,FALSE
6543_01,FALSE
6550_01,FALSE
6551_01,FALSE
6554_01,FALSE
6555_01,FALSE
6559_01,FALSE
6559_02,FALSE
6559_03,FALSE
6564_01,FALSE
6564_02,FALSE
6566_01,FALSE
6571_01,FALSE
6575_01,FALSE
6576_01,FALSE
6577_01,FALSE
6577_02,FALSE
6577_03,FALSE
6579_01,FALSE
6581_01,FALSE
6584_01,FALSE
6586_01,FALSE
6587_01,FALSE
6589_01,FALSE
6596_01,FALSE
6596_02,FALSE
6597_01,FALSE
6600_01,FALSE
6600_02,FALSE
6605_01,FALSE
6605_02,FALSE
6607_01,FALSE
6610_01,FALSE
6612_01,FALSE
6612_02,FALSE
6612_03,FALSE
6612_04,FALSE
6612_05,FALSE
6612_06,FALSE
6615_01,FALSE
6617_01,FALSE
6617_02,FALSE
6617_03,FALSE
6619_01,FALSE
6627_01,FALSE
6629_01,FALSE
6632_01,FALSE
6636_01,FALSE
6640_01,FALSE
6644_01,FALSE
6648_01,FALSE
6651_01,FALSE
6653_01,FALSE
6657_01,FALSE
6658_01,FALSE
6658_02,FALSE
6658_03,FALSE
6661_01,FALSE
6666_01,FALSE
6677_01,FALSE
6678_01,FALSE
6678_02,FALSE
6679_01,FALSE
6682_01,FALSE
6682_02,FALSE
6685_01,FALSE
6686_01,FALSE
6687_01,FALSE
6688_01,FALSE
6689_01,FALSE
6689_02,FALSE
6690_01,FALSE
6695_01,FALSE
6696_01,FALSE
6700_01,FALSE
6700_02,FALSE
6701_01,FALSE
6703_01,FALSE
6704_01,FALSE
6705_01,FALSE
6710_01,FALSE
6712_01,FALSE
6714_01,FALSE
6715_01,FALSE
6716_01,FALSE
6717_01,FALSE
6723_01,FALSE
6728_01,FALSE
6732_01,FALSE
6733_01,FALSE
6735_01,FALSE
6737_01,FALSE
6738_01,FALSE
6738_02,FALSE
6740_01,FALSE
6743_01,FALSE
6752_01,FALSE
6752_02,FALSE
6752_03,FALSE
6755_01,FALSE
6759_01,FALSE
6767_01,FALSE
6767_02,FALSE
6768_01,FALSE
6769_01,FALSE
6770_01,FALSE
6770_02,FALSE
6770_03,FALSE
6771_01,FALSE
6772_01,FALSE
6772_02,FALSE
6777_01,FALSE
6781_01,FALSE
6783_01,FALSE
6785_01,FALSE
6790_01,FALSE
6791_01,FALSE
6793_01,FALSE
6793_02,FALSE
6795_01,FALSE
6797_01,FALSE
6803_01,FALSE
6804_01,FALSE
6807_01,FALSE
6807_02,FALSE
6809_01,FALSE
6811_01,FALSE
6812_01,FALSE
6812_02,FALSE
6815_01,FALSE
6819_01,FALSE
6819_02,FALSE
6819_03,FALSE
6823_01,FALSE
6828_01,FALSE
6830_01,FALSE
6835_01,FALSE
6835_02,FALSE
6836_01,FALSE
6838_01,FALSE
6838_02,FALSE
6838_03,FALSE
6842_01,FALSE
6845_01,FALSE
6846_01,FALSE
6847_01,FALSE
6849_01,FALSE
6852_01,FALSE
6852_02,FALSE
6855_01,FALSE
6856_01,FALSE
6860_01,FALSE
6867_01,FALSE
6870_01,FALSE
6872_01,FALSE
6874_01,FALSE
6875_01,FALSE
6875_02,FALSE
6875_03,FALSE
6876_01,FALSE
6876_02,FALSE
6876_03,FALSE
6877_01,FALSE
6878_01,FALSE
6881_01,FALSE
6884_01,FALSE
6886_01,FALSE
6888_01,FALSE
6888_02,FALSE
6888_03,FALSE
6888_04,FALSE
6890_01,FALSE
6897_01,FALSE
6904_01,FALSE
6904_02,FALSE
6904_03,FALSE
6909_01,FALSE
6914_01,FALSE
6916_01,FALSE
6919_01,FALSE
6922_01,FALSE
6923_01,FALSE
6927_01,FALSE
6933_01,FALSE
6933_02,FALSE
6935_01,FALSE
6936_01,FALSE
6936_02,FALSE
6936_03,FALSE
6938_01,FALSE
6941_01,FALSE
6942_01,FALSE
6948_01,FALSE
6952_01,FALSE
6953_01,FALSE
6955_01,FALSE
6956_01,FALSE
6958_01,FALSE
6959_01,FALSE
6959_02,FALSE
6959_03,FALSE
6961_01,FALSE
6961_02,FALSE
6965_01,FALSE
6969_01,FALSE
6974_01,FALSE
6975_01,FALSE
6983_01,FALSE
6983_02,FALSE
6986_01,FALSE
6986_02,FALSE
6986_03,FALSE
6986_04,FALSE
6986_05,FALSE
6986_06,FALSE
6986_07,FALSE
6986_08,FALSE
6989_01,FALSE
6993_01,FALSE
7000_01,FALSE
7003_01,FALSE
7009_01,FALSE
7009_02,FALSE
7012_01,FALSE
7023_01,FALSE
7024_01,FALSE
7030_01,FALSE
7033_01,FALSE
7035_01,FALSE
7043_01,FALSE
7046_01,FALSE
7046_02,FALSE
7046_03,FALSE
7054_01,FALSE
7054_02,FALSE
7055_01,FALSE
7063_01,FALSE
7063_02,FALSE
7064_01,FALSE
7065_01,FALSE
7066_01,FALSE
7066_02,FALSE
7067_01,FALSE
7067_02,FALSE
7067_03,FALSE
7070_01,FALSE
7075_01,FALSE
7076_01,FALSE
7081_01,FALSE
7081_02,FALSE
7100_01,FALSE
7100_02,FALSE
7101_01,FALSE
7101_02,FALSE
7102_01,FALSE
7103_01,FALSE
7103_02,FALSE
7107_01,FALSE
7108_01,FALSE
7112_01,FALSE
7115_01,FALSE
7122_01,FALSE
7123_01,FALSE
7124_01,FALSE
7124_02,FALSE
7124_03,FALSE
7125_01,FALSE
7129_01,FALSE
7130_01,FALSE
7130_02,FALSE
7130_03,FALSE
7130_04,FALSE
7130_05,FALSE
7130_06,FALSE
7130_07,FALSE
7131_01,FALSE
7135_01,FALSE
7135_02,FALSE
7135_03,FALSE
7135_04,FALSE
7136_01,FALSE
7138_01,FALSE
7139_01,FALSE
7141_01,FALSE
7145_01,FALSE
7146_01,FALSE
7147_01,FALSE
7150_01,FALSE
7150_02,FALSE
7153_01,FALSE
7154_01,FALSE
7158_01,FALSE
7163_01,FALSE
7163_02,FALSE
7163_03,FALSE
7164_01,FALSE
7169_01,FALSE
7172_01,FALSE
7172_02,FALSE
7174_01,FALSE
7178_01,FALSE
7183_01,FALSE
7185_01,FALSE
7195_01,FALSE
7196_01,FALSE
7198_01,FALSE
7201_01,FALSE
7204_01,FALSE
7209_01,FALSE
7209_02,FALSE
7211_01,FALSE
7212_01,FALSE
7213_01,FALSE
7220_01,FALSE
7222_01,FALSE
7223_01,FALSE
7228_01,FALSE
7231_01,FALSE
7237_01,FALSE
7239_01,FALSE
7241_01,FALSE
7241_02,FALSE
7243_01,FALSE
7243_02,FALSE
7243_03,FALSE
7243_04,FALSE
7243_05,FALSE
7244_01,FALSE
7245_01,FALSE
7248_01,FALSE
7248_02,FALSE
7251_01,FALSE
7254_01,FALSE
7262_01,FALSE
7263_01,FALSE
7264_01,FALSE
7265_01,FALSE
7266_01,FALSE
7266_02,FALSE
7266_03,FALSE
7269_01,FALSE
7269_02,FALSE
7272_01,FALSE
7275_01,FALSE
7281_01,FALSE
7282_01,FALSE
7286_01,FALSE
7287_01,FALSE
7288_01,FALSE
7291_01,FALSE
7293_01,FALSE
7294_01,FALSE
7295_01,FALSE
7295_02,FALSE
7299_01,FALSE
7308_01,FALSE
7312_01,FALSE
7315_01,FALSE
7316_01,FALSE
7317_01,FALSE
7318_01,FALSE
7319_01,FALSE
7319_02,FALSE
7319_03,FALSE
7325_01,FALSE
7329_01,FALSE
7329_02,FALSE
7329_03,FALSE
7333_01,FALSE
7335_01,FALSE
7345_01,FALSE
7348_01,FALSE
7348_02,FALSE
7348_03,FALSE
7349_01,FALSE
7352_01,FALSE
7354_01,FALSE
7354_02,FALSE
7354_03,FALSE
7354_04,FALSE
7354_05,FALSE
7354_06,FALSE
7355_01,FALSE
7357_01,FALSE
7362_01,FALSE
7363_01,FALSE
7364_01,FALSE
7368_01,FALSE
7369_01,FALSE
7373_01,FALSE
7373_02,FALSE
7375_01,FALSE
7378_01,FALSE
7380_01,FALSE
7380_02,FALSE
7380_03,FALSE
7380_04,FALSE
7381_01,FALSE
7382_01,FALSE
7383_01,FALSE
7383_02,FALSE
7384_01,FALSE
7386_01,FALSE
7389_01,FALSE
7397_01,FALSE
7400_01,FALSE
7404_01,FALSE
7407_01,FALSE
7409_01,FALSE
7409_02,FALSE
7412_01,FALSE
7413_01,FALSE
7413_02,FALSE
7414_01,FALSE
7415_01,FALSE
7417_01,FALSE
7417_02,FALSE
7420_01,FALSE
7421_01,FALSE
7421_02,FALSE
7423_01,FALSE
7423_02,FALSE
7424_01,FALSE
7426_01,FALSE
7426_02,FALSE
7426_03,FALSE
7433_01,FALSE
7434_01,FALSE
7439_01,FALSE
7439_02,FALSE
7440_01,FALSE
7441_01,FALSE
7443_01,FALSE
7451_01,FALSE
7454_01,FALSE
7463_01,FALSE
7465_01,FALSE
7466_01,FALSE
7467_01,FALSE
7468_01,FALSE
7469_01,FALSE
7470_01,FALSE
7471_01,FALSE
7471_02,FALSE
7473_01,FALSE
7473_02,FALSE
7474_01,FALSE
7476_01,FALSE
7480_01,FALSE
7482_01,FALSE
7482_02,FALSE
7489_01,FALSE
7489_02,FALSE
7489_03,FALSE
7491_01,FALSE
7493_01,FALSE
7497_01,FALSE
7511_01,FALSE
7516_01,FALSE
7519_01,FALSE
7526_01,FALSE
7528_01,FALSE
7528_02,FALSE
7528_03,FALSE
7528_04,FALSE
7530_01,FALSE
7530_02,FALSE
7530_03,FALSE
7530_04,FALSE
7532_01,FALSE
7537_01,FALSE
7539_01,FALSE
7539_02,FALSE
7540_01,FALSE
7541_01,FALSE
7541_02,FALSE
7541_03,FALSE
7546_01,FALSE
7547_01,FALSE
7548_01,FALSE
7551_01,FALSE
7554_01,FALSE
7555_01,FALSE
7556_01,FALSE
7556_02,FALSE
7556_03,FALSE
7556_04,FALSE
7557_01,FALSE
7557_02,FALSE
7557_03,FALSE
7558_01,FALSE
7558_02,FALSE
7562_01,FALSE
7564_01,FALSE
7566_01,FALSE
7570_01,FALSE
7570_02,FALSE
7571_01,FALSE
7575_01,FALSE
7581_01,FALSE
7582_01,FALSE
7582_02,FALSE
7582_03,FALSE
7582_04,FALSE
7582_05,FALSE
7587_01,FALSE
7589_01,FALSE
7590_01,FALSE
7591_01,FALSE
7591_02,FALSE
7593_01,FALSE
7597_01,FALSE
7597_02,FALSE
7597_03,FALSE
7597_04,FALSE
7597_05,FALSE
7597_06,FALSE
7597_07,FALSE
7600_01,FALSE
7600_02,FALSE
7602_01,FALSE
7603_01,FALSE
7607_01,FALSE
7610_01,FALSE
7610_02,FALSE
7611_01,FALSE
7611_02,FALSE
7612_01,FALSE
7612_02,FALSE
7613_01,FALSE
7615_01,FALSE
7617_01,FALSE
7619_01,FALSE
7629_01,FALSE
7629_02,FALSE
7629_03,FALSE
7636_01,FALSE
7637_01,FALSE
7637_02,FALSE
7637_03,FALSE
7638_01,FALSE
7642_01,FALSE
7645_01,FALSE
7648_01,FALSE
7651_01,FALSE
7653_01,FALSE
7654_01,FALSE
7655_01,FALSE
7657_01,FALSE
7658_01,FALSE
7659_01,FALSE
7662_01,FALSE
7663_01,FALSE
7664_01,FALSE
7668_01,FALSE
7672_01,FALSE
7673_01,FALSE
7674_01,FALSE
7675_01,FALSE
7681_01,FALSE
7685_01,FALSE
7686_01,FALSE
7695_01,FALSE
7701_01,FALSE
7704_01,FALSE
7706_01,FALSE
7718_01,FALSE
7722_01,FALSE
7725_01,FALSE
7726_01,FALSE
7730_01,FALSE
7732_01,FALSE
7733_01,FALSE
7734_01,FALSE
7735_01,FALSE
7737_01,FALSE
7740_01,FALSE
7740_02,FALSE
7745_01,FALSE
7750_01,FALSE
7756_01,FALSE
7758_01,FALSE
7759_01,FALSE
7762_01,FALSE
7765_01,FALSE
7765_02,FALSE
7765_03,FALSE
7766_01,FALSE
7772_01,FALSE
7779_01,FALSE
7781_01,FALSE
7792_01,FALSE
7792_02,FALSE
7792_03,FALSE
7792_04,FALSE
7792_05,FALSE
7794_01,FALSE
7795_01,FALSE
7795_02,FALSE
7796_01,FALSE
7798_01,FALSE
7798_02,FALSE
7799_01,FALSE
7804_01,FALSE
7807_01,FALSE
7811_01,FALSE
7814_01,FALSE
7817_01,FALSE
7819_01,FALSE
7822_01,FALSE
7823_01,FALSE
7825_01,FALSE
7825_02,FALSE
7825_03,FALSE
7826_01,FALSE
7827_01,FALSE
7836_01,FALSE
7838_01,FALSE
7844_01,FALSE
7846_01,FALSE
7846_02,FALSE
7854_01,FALSE
7855_01,FALSE
7857_01,FALSE
7860_01,FALSE
7862_01,FALSE
7867_01,FALSE
7869_01,FALSE
7874_01,FALSE
7874_02,FALSE
7876_01,FALSE
7880_01,FALSE
7880_02,FALSE
7887_01,FALSE
7893_01,FALSE
7893_02,FALSE
7893_03,FALSE
7893_04,FALSE
7893_05,FALSE
7896_01,FALSE
7898_01,FALSE
7900_01,FALSE
7906_01,FALSE
7909_01,FALSE
7909_02,FALSE
7911_01,FALSE
7912_01,FALSE
7915_01,FALSE
7915_02,FALSE
7915_03,FALSE
7917_01,FALSE
7921_01,FALSE
7921_02,FALSE
7923_01,FALSE
7925_01,FALSE
7927_01,FALSE
7927_02,FALSE
7927_03,FALSE
7928_01,FALSE
7931_01,FALSE
7932_01,FALSE
7933_01,FALSE
7934_01,FALSE
7934_02,FALSE
7934_03,FALSE
7938_01,FALSE
7942_01,FALSE
7942_02,FALSE
7948_01,FALSE
7951_01,FALSE
7953_01,FALSE
7956_01,FALSE
7959_01,FALSE
7961_01,FALSE
7963_01,FALSE
7963_02,FALSE
7963_03,FALSE
7964_01,FALSE
7965_01,FALSE
7966_01,FALSE
7969_01,FALSE
7971_01,FALSE
7971_02,FALSE
7975_01,FALSE
7977_01,FALSE
7978_01,FALSE
7978_02,FALSE
7979_01,FALSE
7980_01,FALSE
7991_01,FALSE
7991_02,FALSE
7991_03,FALSE
7991_04,FALSE
7992_01,FALSE
7997_01,FALSE
7998_01,FALSE
7998_02,FALSE
7998_03,FALSE
7998_04,FALSE
8001_01,FALSE
8002_01,FALSE
8008_01,FALSE
8009_01,FALSE
8011_01,FALSE
8013_01,FALSE
8017_01,FALSE
8022_01,FALSE
8028_01,FALSE
8033_01,FALSE
8039_01,FALSE
8039_02,FALSE
8040_01,FALSE
8041_01,FALSE
8041_02,FALSE
8044_01,FALSE
8045_01,FALSE
8047_01,FALSE
8048_01,FALSE
8051_01,FALSE
8051_02,FALSE
8061_01,FALSE
8061_02,FALSE
8062_01,FALSE
8065_01,FALSE
8070_01,FALSE
8073_01,FALSE
8074_01,FALSE
8080_01,FALSE
8090_01,FALSE
8093_01,FALSE
8095_01,FALSE
8096_01,FALSE
8099_01,FALSE
8100_01,FALSE
8101_01,FALSE
8104_01,FALSE
8109_01,FALSE
8110_01,FALSE
8111_01,FALSE
8113_01,FALSE
8113_02,FALSE
8113_03,FALSE
8113_04,FALSE
8114_01,FALSE
8125_01,FALSE
8125_02,FALSE
8126_01,FALSE
8127_01,FALSE
8132_01,FALSE
8134_01,FALSE
8142_01,FALSE
8145_01,FALSE
8146_01,FALSE
8151_01,FALSE
8154_01,FALSE
8155_01,FALSE
8160_01,FALSE
8163_01,FALSE
8166_01,FALSE
8169_01,FALSE
8170_01,FALSE
8172_01,FALSE
8174_01,FALSE
8179_01,FALSE
8180_01,FALSE
8181_01,FALSE
8181_02,FALSE
8181_03,FALSE
8183_01,FALSE
8184_01,FALSE
8185_01,FALSE
8187_01,FALSE
8188_01,FALSE
8193_01,FALSE
8195_01,FALSE
8196_01,FALSE
8196_02,FALSE
8198_01,FALSE
8201_01,FALSE
8206_01,FALSE
8215_01,FALSE
8223_01,FALSE
8228_01,FALSE
8230_01,FALSE
8234_01,FALSE
8236_01,FALSE
8240_01,FALSE
8241_01,FALSE
8245_01,FALSE
8245_02,FALSE
8246_01,FALSE
8249_01,FALSE
8250_01,FALSE
8253_01,FALSE
8256_01,FALSE
8258_01,FALSE
8262_01,FALSE
8263_01,FALSE
8269_01,FALSE
8274_01,FALSE
8278_01,FALSE
8283_01,FALSE
8284_01,FALSE
8284_02,FALSE
8285_01,FALSE
8286_01,FALSE
8290_01,FALSE
8293_01,FALSE
8296_01,FALSE
8299_01,FALSE
8304_01,FALSE
8304_02,FALSE
8304_03,FALSE
8305_01,FALSE
8305_02,FALSE
8305_03,FALSE
8308_01,FALSE
8309_01,FALSE
8311_01,FALSE
8312_01,FALSE
8325_01,FALSE
8325_02,FALSE
8327_01,FALSE
8331_01,FALSE
8337_01,FALSE
8340_01,FALSE
8340_02,FALSE
8340_03,FALSE
8347_01,FALSE
8349_01,FALSE
8350_01,FALSE
8351_01,FALSE
8352_01,FALSE
8353_01,FALSE
8355_01,FALSE
8357_01,FALSE
8357_02,FALSE
8358_01,FALSE
8359_01,FALSE
8361_01,FALSE
8361_02,FALSE
8361_03,FALSE
8361_04,FALSE
8361_05,FALSE
8364_01,FALSE
8367_01,FALSE
8370_01,FALSE
8370_02,FALSE
8372_01,FALSE
8385_01,FALSE
8385_02,FALSE
8385_03,FALSE
8387_01,FALSE
8389_01,FALSE
8391_01,FALSE
8396_01,FALSE
8399_01,FALSE
8400_01,FALSE
8400_02,FALSE
8400_03,FALSE
8402_01,FALSE
8402_02,FALSE
8402_03,FALSE
8408_01,FALSE
8408_02,FALSE
8412_01,FALSE
8413_01,FALSE
8415_01,FALSE
8417_01,FALSE
8422_01,FALSE
8424_01,FALSE
8425_01,FALSE
8425_02,FALSE
8426_01,FALSE
8426_02,FALSE
8428_01,FALSE
8434_01,FALSE
8435_01,FALSE
8436_01,FALSE
8439_01,FALSE
8440_01,FALSE
8440_02,FALSE
8440_03,FALSE
8443_01,FALSE
8443_02,FALSE
8445_01,FALSE
8445_02,FALSE
8445_03,FALSE
8446_01,FALSE
8450_01,FALSE
8450_02,FALSE
8450_03,FALSE
8453_01,FALSE
8455_01,FALSE
8461_01,FALSE
8464_01,FALSE
8464_02,FALSE
8473_01,FALSE
8473_02,FALSE
8478_01,FALSE
8478_02,FALSE
8484_01,FALSE
8485_01,FALSE
8488_01,FALSE
8490_01,FALSE
8496_01,FALSE
8497_01,FALSE
8498_01,FALSE
8499_01,FALSE
8501_01,FALSE
8505_01,FALSE
8507_01,FALSE
8510_01,FALSE
8510_02,FALSE
8513_01,FALSE
8515_01,FALSE
8517_01,FALSE
8517_02,FALSE
8518_01,FALSE
8519_01,FALSE
8520_01,FALSE
8520_02,FALSE
8525_01,FALSE
8525_02,FALSE
8526_01,FALSE
8526_02,FALSE
8527_01,FALSE
8529_01,FALSE
8531_01,FALSE
8532_01,FALSE
8533_01,FALSE
8534_01,FALSE
8534_02,FALSE
8534_03,FALSE
8534_04,FALSE
8538_01,FALSE
8543_01,FALSE
8543_02,FALSE
8543_03,FALSE
8543_04,FALSE
8543_05,FALSE
8543_06,FALSE
8543_07,FALSE
8543_08,FALSE
8546_01,FALSE
8547_01,FALSE
8550_01,FALSE
8553_01,FALSE
8555_01,FALSE
8555_02,FALSE
8555_03,FALSE
8558_01,FALSE
8562_01,FALSE
8563_01,FALSE
8564_01,FALSE
8565_01,FALSE
8565_02,FALSE
8565_03,FALSE
8567_01,FALSE
8567_02,FALSE
8567_03,FALSE
8568_01,FALSE
8568_02,FALSE
8575_01,FALSE
8576_01,FALSE
8578_01,FALSE
8579_01,FALSE
8582_01,FALSE
8583_01,FALSE
8583_02,FALSE
8590_01,FALSE
8591_01,FALSE
8593_01,FALSE
8600_01,FALSE
8601_01,FALSE
8608_01,FALSE
8621_01,FALSE
8622_01,FALSE
8625_01,FALSE
8627_01,FALSE
8630_01,FALSE
8632_01,FALSE
8632_02,FALSE
8647_01,FALSE
8648_01,FALSE
8648_02,FALSE
8648_03,FALSE
8649_01,FALSE
8651_01,FALSE
8652_01,FALSE
8655_01,FALSE
8660_01,FALSE
8662_01,FALSE
8665_01,FALSE
8666_01,FALSE
8676_01,FALSE
8677_01,FALSE
8677_02,FALSE
8677_03,FALSE
8678_01,FALSE
8678_02,FALSE
8679_01,FALSE
8682_01,FALSE
8686_01,FALSE
8689_01,FALSE
8690_01,FALSE
8690_02,FALSE
8692_01,FALSE
8692_02,FALSE
8692_03,FALSE
8697_01,FALSE
8698_01,FALSE
8699_01,FALSE
8702_01,FALSE
8705_01,FALSE
8706_01,FALSE
8707_01,FALSE
8711_01,FALSE
8713_01,FALSE
8713_02,FALSE
8715_01,FALSE
8718_01,FALSE
8724_01,FALSE
8725_01,FALSE
8726_01,FALSE
8730_01,FALSE
8731_01,FALSE
8737_01,FALSE
8738_01,FALSE
8739_01,FALSE
8740_01,FALSE
8742_01,FALSE
8745_01,FALSE
8746_01,FALSE
8747_01,FALSE
8747_02,FALSE
8748_01,FALSE
8748_02,FALSE
8756_01,FALSE
8758_01,FALSE
8758_02,FALSE
8761_01,FALSE
8763_01,FALSE
8763_02,FALSE
8763_03,FALSE
8765_01,FALSE
8767_01,FALSE
8767_02,FALSE
8768_01,FALSE
8768_02,FALSE
8768_03,FALSE
8775_01,FALSE
8777_01,FALSE
8778_01,FALSE
8778_02,FALSE
8784_01,FALSE
8788_01,FALSE
8792_01,FALSE
8793_01,FALSE
8793_02,FALSE
8793_03,FALSE
8793_04,FALSE
8793_05,FALSE
8795_01,FALSE
8800_01,FALSE
8800_02,FALSE
8800_03,FALSE
8800_04,FALSE
8800_05,FALSE
8803_01,FALSE
8804_01,FALSE
8804_02,FALSE
8804_03,FALSE
8804_04,FALSE
8804_05,FALSE
8810_01,FALSE
8814_01,FALSE
8829_01,FALSE
8832_01,FALSE
8837_01,FALSE
8839_01,FALSE
8839_02,FALSE
8846_01,FALSE
8846_02,FALSE
8847_01,FALSE
8851_01,FALSE
8855_01,FALSE
8857_01,FALSE
8859_01,FALSE
8866_01,FALSE
8870_01,FALSE
8870_02,FALSE
8873_01,FALSE
8873_02,FALSE
8873_03,FALSE
8875_01,FALSE
8875_02,FALSE
8875_03,FALSE
8877_01,FALSE
8877_02,FALSE
8879_01,FALSE
8882_01,FALSE
8887_01,FALSE
8888_01,FALSE
8893_01,FALSE
8893_02,FALSE
8895_01,FALSE
8895_02,FALSE
8898_01,FALSE
8908_01,FALSE
8909_01,FALSE
8911_01,FALSE
8912_01,FALSE
8913_01,FALSE
8913_02,FALSE
8913_03,FALSE
8914_01,FALSE
8915_01,FALSE
8916_01,FALSE
8917_01,FALSE
8921_01,FALSE
8924_01,FALSE
8925_01,FALSE
8925_02,FALSE
8925_03,FALSE
8925_04,FALSE
8925_05,FALSE
8925_06,FALSE
8927_01,FALSE
8929_01,FALSE
8931_01,FALSE
8933_01,FALSE
8934_01,FALSE
8935_01,FALSE
8936_01,FALSE
8943_01,FALSE
8946_01,FALSE
8949_01,FALSE
8950_01,FALSE
8951_01,FALSE
8952_01,FALSE
8953_01,FALSE
8957_01,FALSE
8958_01,FALSE
8960_01,FALSE
8960_02,FALSE
8960_03,FALSE
8962_01,FALSE
8963_01,FALSE
8965_01,FALSE
8971_01,FALSE
8974_01,FALSE
8979_01,FALSE
8980_01,FALSE
8980_02,FALSE
8980_03,FALSE
8980_04,FALSE
8980_05,FALSE
8980_06,FALSE
8980_07,FALSE
8984_01,FALSE
8990_01,FALSE
8991_01,FALSE
8994_01,FALSE
8994_02,FALSE
8995_01,FALSE
9000_01,FALSE
9002_01,FALSE
9005_01,FALSE
9016_01,FALSE
9016_02,FALSE
9016_03,FALSE
9016_04,FALSE
9016_05,FALSE
9017_01,FALSE
9022_01,FALSE
9022_02,FALSE
9022_03,FALSE
9025_01,FALSE
9025_02,FALSE
9027_01,FALSE
9033_01,FALSE
9039_01,FALSE
9040_01,FALSE
9044_01,FALSE
9045_01,FALSE
9045_02,FALSE
9047_01,FALSE
9050_01,FALSE
9051_01,FALSE
9053_01,FALSE
9053_02,FALSE
9054_01,FALSE
9055_01,FALSE
9056_01,FALSE
9058_01,FALSE
9062_01,FALSE
9062_02,FALSE
9063_01,FALSE
9065_01,FALSE
9067_01,FALSE
9067_02,FALSE
9070_01,FALSE
9070_02,FALSE
9082_01,FALSE
9083_01,FALSE
9083_02,FALSE
9086_01,FALSE
9086_02,FALSE
9087_01,FALSE
9088_01,FALSE
9090_01,FALSE
9091_01,FALSE
9092_01,FALSE
9093_01,FALSE
9095_01,FALSE
9096_01,FALSE
9096_02,FALSE
9100_01,FALSE
9102_01,FALSE
9105_01,FALSE
9109_01,FALSE
9113_01,FALSE
9117_01,FALSE
9121_01,FALSE
9123_01,FALSE
9133_01,FALSE
9135_01,FALSE
9138_01,FALSE
9143_01,FALSE
9143_02,FALSE
9143_03,FALSE
9146_01,FALSE
9146_02,FALSE
9146_03,FALSE
9147_01,FALSE
9153_01,FALSE
9154_01,FALSE
9155_01,FALSE
9155_02,FALSE
9155_03,FALSE
9155_04,FALSE
9162_01,FALSE
9162_02,FALSE
9162_03,FALSE
9166_01,FALSE
9171_01,FALSE
9177_01,FALSE
9177_02,FALSE
9182_01,FALSE
9187_01,FALSE
9187_02,FALSE
9191_01,FALSE
9198_01,FALSE
9200_01,FALSE
9204_01,FALSE
9206_01,FALSE
9206_02,FALSE
9206_03,FALSE
9207_01,FALSE
9209_01,FALSE
9210_01,FALSE
9212_01,FALSE
9212_02,FALSE
9214_01,FALSE
9215_01,FALSE
9216_01,FALSE
9223_01,FALSE
9223_02,FALSE
9228_01,FALSE
9229_01,FALSE
9232_01,FALSE
9236_01,FALSE
9238_01,FALSE
9238_02,FALSE
9238_03,FALSE
9238_04,FALSE
9238_05,FALSE
9238_06,FALSE
9238_07,FALSE
9240_01,FALSE
9243_01,FALSE
9245_01,FALSE
9249_01,FALSE
9255_01,FALSE
9258_01,FALSE
9260_01,FALSE
9262_01,FALSE
9263_01,FALSE
9265_01,FALSE
9266_01,FALSE
9266_02,FALSE
9269_01,FALSE
9271_01,FALSE
9273_01,FALSE
9277_01,FALSE
